"GeneID","Symbol"
"gene-ARSG|ARSG","ARSG"
"gene-NFIA|NFIA","NFIA"
"gene-DCAF6|DCAF6","DCAF6"
"gene-JPH1|JPH1","JPH1"
"gene-JAZF1|JAZF1","JAZF1"
"gene-USP5|USP5","USP5"
"gene-TAF3|TAF3","TAF3"
"gene-ZBTB7A|ZBTB7A","ZBTB7A"
"gene-DISP1|DISP1","DISP1"
"gene-RNGTT|RNGTT","RNGTT"
"gene-HP1BP3|HP1BP3","HP1BP3"
"gene-SLC4A1|SLC4A1","SLC4A1"
"gene-MAP2K2|MAP2K2","MAP2K2"
"gene-CTR9|CTR9","CTR9"
"gene-EXOC4|EXOC4","EXOC4"
"gene-LRRC45|LRRC45","LRRC45"
"gene-ZZZ3|ZZZ3","ZZZ3"
"gene-PEX16|PEX16","PEX16"
"gene-USP45|USP45","USP45"
"gene-DPM2|DPM2","DPM2"
"gene-E2F4|E2F4","E2F4"
"gene-RAB7A|RAB7A","RAB7A"
"gene-HSDL2|HSDL2","HSDL2"
"gene-IMMT|IMMT","IMMT"
"gene-TPPP3|TPPP3","TPPP3"
"gene-MOB2|MOB2","MOB2"
"gene-ZNF652|ZNF652","ZNF652"
"gene-ZFAND3|ZFAND3","ZFAND3"
"gene-CHCHD7|CHCHD7","CHCHD7"
"gene-HIVEP1|HIVEP1","HIVEP1"
"gene-PIK3CG|PIK3CG","PIK3CG"
"gene-ASCC3|ASCC3","ASCC3"
"gene-DNAJC13|DNAJC13","DNAJC13"
"gene-SEMA3D|SEMA3D","SEMA3D"
"gene-PHB1|PHB1","PHB1"
"gene-ERCC8|ERCC8","ERCC8"
"gene-ARL15|ARL15","ARL15"
"gene-ZDHHC3|ZDHHC3","ZDHHC3"
"gene-FAM222B|FAM222B","FAM222B"
"gene-FZD9|FZD9","FZD9"
"gene-ELF2|ELF2","ELF2"
"gene-IGHMBP2|IGHMBP2","IGHMBP2"
"gene-PPM1M|PPM1M","PPM1M"
"gene-TMEM258|TMEM258","TMEM258"
"gene-CPEB3|CPEB3","CPEB3"
"gene-IKZF1|IKZF1","IKZF1"
"gene-LOC115493074|LOC115493074","LOC115493074"
"gene-ENAH|ENAH","ENAH"
"gene-ATP1B3|ATP1B3","ATP1B3"
"gene-PHYH|PHYH","PHYH"
"gene-TPCN1|TPCN1","TPCN1"
"gene-OPA1|OPA1","OPA1"
"gene-CAPN1|CAPN1","CAPN1"
"gene-RALGPS1|RALGPS1","RALGPS1"
"gene-STX2|STX2","STX2"
"gene-DLST|DLST","DLST"
"gene-HDAC8|HDAC8","HDAC8"
"gene-MAP2K5|MAP2K5","MAP2K5"
"gene-ZNF438|ZNF438","ZNF438"
"gene-ABCB10|ABCB10","ABCB10"
"gene-TDRD3|TDRD3","TDRD3"
"gene-NNT|NNT","NNT"
"gene-TRNAU1AP|TRNAU1AP","TRNAU1AP"
"gene-ACOT7|ACOT7","ACOT7"
"gene-POLDIP2|POLDIP2","POLDIP2"
"gene-GARS1|GARS1","GARS1"
"gene-FBXO11|FBXO11","FBXO11"
"gene-ATP9B|ATP9B","ATP9B"
"gene-KIAA0825|KIAA0825","KIAA0825"
"gene-RAB6A|RAB6A","RAB6A"
"gene-NT5C2|NT5C2","NT5C2"
"gene-KLHDC2|KLHDC2","KLHDC2"
"gene-BMAL2|BMAL2","BMAL2"
"gene-USP22|USP22","USP22"
"gene-COQ8A|COQ8A","COQ8A"
"gene-ZNF407|ZNF407","ZNF407"
"gene-HDAC2|HDAC2","HDAC2"
"gene-RGS3|RGS3","RGS3"
"gene-PEX19|PEX19","PEX19"
"gene-UBE2G2|UBE2G2","UBE2G2"
"gene-TXNDC17|TXNDC17","TXNDC17"
"gene-RNASEH2B|RNASEH2B","RNASEH2B"
"gene-NDUFA6|NDUFA6","NDUFA6"
"gene-UEVLD|UEVLD","UEVLD"
"gene-MTCH1|MTCH1","MTCH1"
"gene-MIER2|MIER2","MIER2"
"gene-UBE2V1|UBE2V1","UBE2V1"
"gene-LOC100225139|LOC100225139","LOC100225139"
"gene-BCL2L11|BCL2L11","BCL2L11"
"gene-DTD2|DTD2","DTD2"
"gene-NSMCE2|NSMCE2","NSMCE2"
"gene-GNPAT|GNPAT","GNPAT"
"gene-RMP64|RMP64","RMP64"
"gene-SCFD1|SCFD1","SCFD1"
"gene-SUCLG1|SUCLG1","SUCLG1"
"gene-PPM1B|PPM1B","PPM1B"
"gene-COPS2|COPS2","COPS2"
"gene-LOC100220454|LOC100220454","LOC100220454"
"gene-SPPL2B|SPPL2B","SPPL2B"
"gene-LOC100222691|LOC100222691","LOC100222691"
"gene-FBXW7|FBXW7","FBXW7"
"gene-CDKAL1|CDKAL1","CDKAL1"
"gene-TNFAIP1|TNFAIP1","TNFAIP1"
"gene-THOC1|THOC1","THOC1"
"gene-RABEP1|RABEP1","RABEP1"
"gene-KIZ|KIZ","KIZ"
"gene-LOC115491172|LOC115491172","LOC115491172"
"gene-DOK1|DOK1","DOK1"
"gene-HMGB1|HMGB1","HMGB1"
"gene-COL4A1|COL4A1","COL4A1"
"gene-USP10|USP10","USP10"
"gene-SOCS5|SOCS5","SOCS5"
"gene-AGTR2|AGTR2","AGTR2"
"gene-LOC105759171|LOC105759171","LOC105759171"
"gene-MTFR1L|MTFR1L","MTFR1L"
"gene-DYM|DYM","DYM"
"gene-DIS3L2|DIS3L2","DIS3L2"
"gene-ZER1|ZER1","ZER1"
"gene-CD96|CD96","CD96"
"gene-NUP107|NUP107","NUP107"
"gene-SCP2|SCP2","SCP2"
"gene-MLLT10|MLLT10","MLLT10"
"gene-LCK|LCK","LCK"
"gene-LOC140684149|LOC140684149","LOC140684149"
"gene-OPTN|OPTN","OPTN"
"gene-RAD54L2|RAD54L2","RAD54L2"
"gene-ASPSCR1|ASPSCR1","ASPSCR1"
"gene-MCUB|MCUB","MCUB"
"gene-ACTR3|ACTR3","ACTR3"
"gene-ZBTB34|ZBTB34","ZBTB34"
"gene-MTHFD1L|MTHFD1L","MTHFD1L"
"gene-CPNE3|CPNE3","CPNE3"
"gene-SLC31A2|SLC31A2","SLC31A2"
"gene-ASAP1|ASAP1","ASAP1"
"gene-MTA1|MTA1","MTA1"
"gene-COPG1|COPG1","COPG1"
"gene-CTDSPL2|CTDSPL2","CTDSPL2"
"gene-CHST7|CHST7","CHST7"
"gene-ELP3|ELP3","ELP3"
"gene-RUSC2|RUSC2","RUSC2"
"gene-ACTR6|ACTR6","ACTR6"
"gene-IL15|IL15","IL15"
"gene-PTPN4|PTPN4","PTPN4"
"gene-SRFBP1|SRFBP1","SRFBP1"
"gene-ZNF618|ZNF618","ZNF618"
"gene-PEX1|PEX1","PEX1"
"gene-EPS15|EPS15","EPS15"
"gene-ENPP7|ENPP7","ENPP7"
"gene-POLR1F|POLR1F","POLR1F"
"gene-CNOT6L|CNOT6L","CNOT6L"
"gene-SNX29|SNX29","SNX29"
"gene-NDUFA12|NDUFA12","NDUFA12"
"gene-SUPT6H|SUPT6H","SUPT6H"
"gene-MICU2|MICU2","MICU2"
"gene-MOSPD1|MOSPD1","MOSPD1"
"gene-KATNA1|KATNA1","KATNA1"
"gene-SMARCA2|SMARCA2","SMARCA2"
"gene-RABGEF1|RABGEF1","RABGEF1"
"gene-TCEA2|TCEA2","TCEA2"
"gene-PIK3R6|PIK3R6","PIK3R6"
"gene-BTBD9|BTBD9","BTBD9"
"gene-TM9SF2|TM9SF2","TM9SF2"
"gene-CZH9orf40|CZH9orf40","CZH9orf40"
"gene-PPP2R5A|PPP2R5A","PPP2R5A"
"gene-ELF1|ELF1","ELF1"
"gene-BCL11B|BCL11B","BCL11B"
"gene-KIAA1328|KIAA1328","KIAA1328"
"gene-SLC9A6|SLC9A6","SLC9A6"
"gene-SCRN3|SCRN3","SCRN3"
"gene-SAMTOR|SAMTOR","SAMTOR"
"gene-MANEA|MANEA","MANEA"
"gene-SCN2B|SCN2B","SCN2B"
"gene-ACOX1|ACOX1","ACOX1"
"gene-MRPS6|MRPS6","MRPS6"
"gene-ZEB1|ZEB1","ZEB1"
"gene-LOC105759033|LOC105759033","LOC105759033"
"gene-PEX5|PEX5","PEX5"
"gene-ACADL|ACADL","ACADL"
"gene-BCL7A|BCL7A","BCL7A"
"gene-EEF2K|EEF2K","EEF2K"
"gene-CAV2|CAV2","CAV2"
"gene-LBR|LBR","LBR"
"gene-CIBAR1|CIBAR1","CIBAR1"
"gene-SEH1L|SEH1L","SEH1L"
"gene-ELP4|ELP4","ELP4"
"gene-GBE1|GBE1","GBE1"
"gene-SENP5|SENP5","SENP5"
"gene-GTF2E1|GTF2E1","GTF2E1"
"gene-MICU1|MICU1","MICU1"
"gene-TRAPPC10|TRAPPC10","TRAPPC10"
"gene-TMEM94|TMEM94","TMEM94"
"gene-LOC100227613|LOC100227613","LOC100227613"
"gene-ZNF711|ZNF711","ZNF711"
"gene-RALGPS2|RALGPS2","RALGPS2"
"gene-DDX11|DDX11","DDX11"
"gene-DSE|DSE","DSE"
"gene-PTK2B|PTK2B","PTK2B"
"gene-IL20RA|IL20RA","IL20RA"
"gene-OSBPL11|OSBPL11","OSBPL11"
"gene-DCBLD2|DCBLD2","DCBLD2"
"gene-AIMP1|AIMP1","AIMP1"
"gene-SH2D1B|SH2D1B","SH2D1B"
"gene-LOC100221315|LOC100221315","LOC100221315"
"gene-NDFIP2|NDFIP2","NDFIP2"
"gene-DECR1|DECR1","DECR1"
"gene-PRKD3|PRKD3","PRKD3"
"gene-KLHL8|KLHL8","KLHL8"
"gene-POLR2G|POLR2G","POLR2G"
"gene-HIBCH|HIBCH","HIBCH"
"gene-VBP1|VBP1","VBP1"
"gene-LOC100221272|LOC100221272","LOC100221272"
"gene-STK3|STK3","STK3"
"gene-PIN4|PIN4","PIN4"
"gene-JAK2|JAK2","JAK2"
"gene-NDUFB4|NDUFB4","NDUFB4"
"gene-GALNT6|GALNT6","GALNT6"
"gene-SETBP1|SETBP1","SETBP1"
"gene-MLLT1|MLLT1","MLLT1"
"gene-NHLRC3|NHLRC3","NHLRC3"
"gene-ARB2A|ARB2A","ARB2A"
"gene-CCNI|CCNI","CCNI"
"gene-FANCE|FANCE","FANCE"
"gene-REEP1|REEP1","REEP1"
"gene-THYN1|THYN1","THYN1"
"gene-VRK1|VRK1","VRK1"
"gene-ARK2C|ARK2C","ARK2C"
"gene-NEK7|NEK7","NEK7"
"gene-WDR5|WDR5","WDR5"
"gene-PRP4K|PRP4K","PRP4K"
"gene-MYSM1|MYSM1","MYSM1"
"gene-CENPK|CENPK","CENPK"
"gene-GPR162|GPR162","GPR162"
"gene-MACIR|MACIR","MACIR"
"gene-CAST|CAST","CAST"
"gene-RRM2B|RRM2B","RRM2B"
"gene-CD40LG|CD40LG","CD40LG"
"gene-LEF1|LEF1","LEF1"
"gene-CFAP418|CFAP418","CFAP418"
"gene-BCL11A|BCL11A","BCL11A"
"gene-UBE3B|UBE3B","UBE3B"
"gene-PPT2|PPT2","PPT2"
"gene-SNRPD3|SNRPD3","SNRPD3"
"gene-CCN5|CCN5","CCN5"
"gene-CD2|CD2","CD2"
"gene-MGAT3|MGAT3","MGAT3"
"gene-TAOK1|TAOK1","TAOK1"
"gene-EHBP1|EHBP1","EHBP1"
"gene-SOS2|SOS2","SOS2"
"gene-PRPSAP2|PRPSAP2","PRPSAP2"
"gene-PLEKHA2|PLEKHA2","PLEKHA2"
"gene-MITF|MITF","MITF"
"gene-TOP2B|TOP2B","TOP2B"
"gene-TOX2|TOX2","TOX2"
"gene-SHMT2|SHMT2","SHMT2"
"gene-IDUA|IDUA","IDUA"
"gene-DARS1|DARS1","DARS1"
"gene-SPTLC2|SPTLC2","SPTLC2"
"gene-LOC115496454|LOC115496454","LOC115496454"
"gene-LOC105759491|LOC105759491","LOC105759491"
"gene-STX17|STX17","STX17"
"gene-LOC115498553|LOC115498553","LOC115498553"
"gene-CTDP1|CTDP1","CTDP1"
"gene-PTPRCAP|PTPRCAP","PTPRCAP"
"gene-PCLAF|PCLAF","PCLAF"
"gene-KCTD3|KCTD3","KCTD3"
"gene-LACTB2|LACTB2","LACTB2"
"gene-LOC105759175|LOC105759175","LOC105759175"
"gene-CYP27A1|CYP27A1","CYP27A1"
"gene-BLVRA|BLVRA","BLVRA"
"gene-TUBAL3|TUBAL3","TUBAL3"
"gene-ARHGAP22|ARHGAP22","ARHGAP22"
"gene-NADK2|NADK2","NADK2"
"gene-ARHGEF18|ARHGEF18","ARHGEF18"
"gene-LOC115494366|LOC115494366","LOC115494366"
"gene-LOC100225213|LOC100225213","LOC100225213"
"gene-GATD1|GATD1","GATD1"
"gene-LOC115491394|LOC115491394","LOC115491394"
"gene-RNF38|RNF38","RNF38"
"gene-SEPTIN7|SEPTIN7","SEPTIN7"
"gene-ABRACL|ABRACL","ABRACL"
"gene-APOOL|APOOL","APOOL"
"gene-LOC105758914|LOC105758914","LOC105758914"
"gene-DNTT|DNTT","DNTT"
"gene-SSBP2|SSBP2","SSBP2"
"gene-RB1CC1|RB1CC1","RB1CC1"
"gene-ACTMAP|ACTMAP","ACTMAP"
"gene-SEPTIN9|SEPTIN9","SEPTIN9"
"gene-ANKRD13B|ANKRD13B","ANKRD13B"
"gene-PROSER1|PROSER1","PROSER1"
"gene-PLEKHA3|PLEKHA3","PLEKHA3"
"gene-LOC116806889|LOC116806889","LOC116806889"
"gene-GUCD1|GUCD1","GUCD1"
"gene-LOC140684960|LOC140684960","LOC140684960"
"gene-WDR12|WDR12","WDR12"
"gene-PIGK|PIGK","PIGK"
"gene-PDPK1|PDPK1","PDPK1"
"gene-RPAP2|RPAP2","RPAP2"
"gene-NDFIP1|NDFIP1","NDFIP1"
"gene-EXOC5|EXOC5","EXOC5"
"gene-EPO|EPO","EPO"
"gene-BRMS1L|BRMS1L","BRMS1L"
"gene-NDUFAF2|NDUFAF2","NDUFAF2"
"gene-VPS41|VPS41","VPS41"
"gene-CAVIN2|CAVIN2","CAVIN2"
"gene-BCL2|BCL2","BCL2"
"gene-LOC115493101|LOC115493101","LOC115493101"
"gene-LBHD2|LBHD2","LBHD2"
"gene-IL5RA|IL5RA","IL5RA"
"gene-FRS2|FRS2","FRS2"
"gene-TRAPPC11|TRAPPC11","TRAPPC11"
"gene-CHRNA3|CHRNA3","CHRNA3"
"gene-ABCD2|ABCD2","ABCD2"
"gene-C12H3orf18|C12H3orf18","C12H3orf18"
"gene-PRKCA|PRKCA","PRKCA"
"gene-TUBA1B|TUBA1B","TUBA1B"
"gene-USP24|USP24","USP24"
"gene-IL10RB|IL10RB","IL10RB"
"gene-PITPNA|PITPNA","PITPNA"
"gene-SYNRG|SYNRG","SYNRG"
"gene-FAM219B|FAM219B","FAM219B"
"gene-KCNRG|KCNRG","KCNRG"
"gene-SNX4|SNX4","SNX4"
"gene-N4BP2|N4BP2","N4BP2"
"gene-THUMPD3|THUMPD3","THUMPD3"
"gene-PRKRIP1|PRKRIP1","PRKRIP1"
"gene-TMEM50B|TMEM50B","TMEM50B"
"gene-IL10RA|IL10RA","IL10RA"
"gene-GPN3|GPN3","GPN3"
"gene-HMGN3|HMGN3","HMGN3"
"gene-LOC140681168|LOC140681168","LOC140681168"
"gene-GNG2|GNG2","GNG2"
"gene-ALS2|ALS2","ALS2"
"gene-MACROD2|MACROD2","MACROD2"
"gene-LOC115494875|LOC115494875","LOC115494875"
"gene-SCAMP4|SCAMP4","SCAMP4"
"gene-SLF2|SLF2","SLF2"
"gene-LRPPRC|LRPPRC","LRPPRC"
"gene-COL4A4|COL4A4","COL4A4"
"gene-GRAP2|GRAP2","GRAP2"
"gene-TRMU|TRMU","TRMU"
"gene-RAP1A|RAP1A","RAP1A"
"gene-KIAA0930|KIAA0930","KIAA0930"
"gene-FKBP11|FKBP11","FKBP11"
"gene-GCC2|GCC2","GCC2"
"gene-LOC121470544|LOC121470544","LOC121470544"
"gene-CLINT1|CLINT1","CLINT1"
"gene-GLMP|GLMP","GLMP"
"gene-CDC73|CDC73","CDC73"
"gene-STARD8|STARD8","STARD8"
"gene-KCNQ5|KCNQ5","KCNQ5"
"gene-MAPKBP1|MAPKBP1","MAPKBP1"
"gene-SETD3|SETD3","SETD3"
"gene-GPD1L|GPD1L","GPD1L"
"gene-MFSD6|MFSD6","MFSD6"
"gene-IPO5|IPO5","IPO5"
"gene-COMTD1|COMTD1","COMTD1"
"gene-FAM120B|FAM120B","FAM120B"
"gene-ASRGL1|ASRGL1","ASRGL1"
"gene-XRCC2|XRCC2","XRCC2"
"gene-LOC115490725|LOC115490725","LOC115490725"
"gene-CREB3|CREB3","CREB3"
"gene-TBC1D24|TBC1D24","TBC1D24"
"gene-MAP3K3|MAP3K3","MAP3K3"
"gene-RAC2|RAC2","RAC2"
"gene-GRAP|GRAP","GRAP"
"gene-EFL1|EFL1","EFL1"
"gene-MKS1|MKS1","MKS1"
"gene-PGAM5|PGAM5","PGAM5"
"gene-SACS|SACS","SACS"
"gene-GRK3|GRK3","GRK3"
"gene-LOC100224227|LOC100224227","LOC100224227"
"gene-DTNA|DTNA","DTNA"
"gene-ZNF512|ZNF512","ZNF512"
"gene-LOC105758956|LOC105758956","LOC105758956"
"gene-KIRREL1|KIRREL1","KIRREL1"
"gene-AAMDC|AAMDC","AAMDC"
"gene-MTRR|MTRR","MTRR"
"gene-SLX9|SLX9","SLX9"
"gene-FCHO1|FCHO1","FCHO1"
"gene-MTA3|MTA3","MTA3"
"gene-NTMT1|NTMT1","NTMT1"
"gene-LOC101233739|LOC101233739","LOC101233739"
"gene-IL12B|IL12B","IL12B"
"gene-LOC100220754|LOC100220754","LOC100220754"
"gene-COMMD10|COMMD10","COMMD10"
"gene-SLC16A2|SLC16A2","SLC16A2"
"gene-SF3A3|SF3A3","SF3A3"
"gene-NCOA6|NCOA6","NCOA6"
"gene-ITSN2|ITSN2","ITSN2"
"gene-ITSN1|ITSN1","ITSN1"
"gene-ITIH5|ITIH5","ITIH5"
"gene-LOC100222525|LOC100222525","LOC100222525"
"gene-LAMP3|LAMP3","LAMP3"
"gene-RASAL3|RASAL3","RASAL3"
"gene-PRKAR1A|PRKAR1A","PRKAR1A"
"gene-PEX14|PEX14","PEX14"
"gene-ZNRF3|ZNRF3","ZNRF3"
"gene-FUNDC2|FUNDC2","FUNDC2"
"gene-RABL6|RABL6","RABL6"
"gene-GMNC|GMNC","GMNC"
"gene-MGAT4A|MGAT4A","MGAT4A"
"gene-NRSN1|NRSN1","NRSN1"
"gene-FBXL21P|FBXL21P","FBXL21P"
"gene-CHIC2|CHIC2","CHIC2"
"gene-UBASH3A|UBASH3A","UBASH3A"
"gene-ARID2|ARID2","ARID2"
"gene-HPCAL1|HPCAL1","HPCAL1"
"gene-SFSWAP|SFSWAP","SFSWAP"
"gene-HACL1|HACL1","HACL1"
"gene-GLYR1|GLYR1","GLYR1"
"gene-DUT|DUT","DUT"
"gene-EIF3A|EIF3A","EIF3A"
"gene-DYRK2|DYRK2","DYRK2"
"gene-LRCH1|LRCH1","LRCH1"
"gene-LOC140684358|LOC140684358","LOC140684358"
"gene-BRD1|BRD1","BRD1"
"gene-DNAJB14|DNAJB14","DNAJB14"
"gene-LOC121468081|LOC121468081","LOC121468081"
"gene-SMARCC1|SMARCC1","SMARCC1"
"gene-LOC121470636|LOC121470636","LOC121470636"
"gene-PSMA4|PSMA4","PSMA4"
"gene-MTPAP|MTPAP","MTPAP"
"gene-LOC100218379|LOC100218379","LOC100218379"
"gene-URI1|URI1","URI1"
"gene-SNRPF|SNRPF","SNRPF"
"gene-MBTPS2|MBTPS2","MBTPS2"
"gene-TRAP1|TRAP1","TRAP1"
"gene-SMCO4|SMCO4","SMCO4"
"gene-ARPP21|ARPP21","ARPP21"
"gene-CPSF6|CPSF6","CPSF6"
"gene-STXBP1|STXBP1","STXBP1"
"gene-MRPL37|MRPL37","MRPL37"
"gene-STAT6|STAT6","STAT6"
"gene-TMC7|TMC7","TMC7"
"gene-UBR1|UBR1","UBR1"
"gene-PUM3|PUM3","PUM3"
"gene-LZIC|LZIC","LZIC"
"gene-MCMBP|MCMBP","MCMBP"
"gene-FAF1|FAF1","FAF1"
"gene-UGCG|UGCG","UGCG"
"gene-ETS1|ETS1","ETS1"
"gene-TMEM62|TMEM62","TMEM62"
"gene-ITK|ITK","ITK"
"gene-KCTD20|KCTD20","KCTD20"
"gene-LAP3|LAP3","LAP3"
"gene-LOC100218233|LOC100218233","LOC100218233"
"gene-DNAJC3|DNAJC3","DNAJC3"
"gene-ATP6V0A2|ATP6V0A2","ATP6V0A2"
"gene-FER|FER","FER"
"gene-ECHDC3|ECHDC3","ECHDC3"
"gene-PFKL|PFKL","PFKL"
"gene-VILL|VILL","VILL"
"gene-TMEM168|TMEM168","TMEM168"
"gene-JAK1|JAK1","JAK1"
"gene-INTS4|INTS4","INTS4"
