"GeneID","Symbol","logCPM","logFC","PValue","FDR"
"gene-CYP51A1|CYP51A1","CYP51A1",2.0484857509974,1.35900781470319,1.63327711754551e-06,0.00429572967334925
"gene-DLST|DLST","DLST",4.22911992305684,0.961912111864947,3.22415800705728e-07,0.00429572967334925
"gene-AHSA1|AHSA1","AHSA1",6.31932647972359,-1.155196043502,1.94314104771856e-06,0.00429572967334925
"gene-HSPA4|HSPA4","HSPA4",7.08360420915901,-0.965395988746994,1.92663818753582e-06,0.00429572967334925
"gene-HSPA9|HSPA9","HSPA9",7.06409049686532,-0.819874706391478,1.21312999205169e-06,0.00429572967334925
"gene-RBM12|RBM12","RBM12",6.66447684603305,-0.65859674757368,1.27452995131947e-06,0.00429572967334925
"gene-LOC115498164|LOC115498164","LOC115498164",0.935796114131675,1.80660882687501,7.91750682146763e-07,0.00429572967334925
"gene-ZBTB26|ZBTB26","ZBTB26",4.61626726094391,-0.700778489993733,2.31559765611324e-06,0.00447923421604404
"gene-LOC115491050|LOC115491050","LOC115491050",0.571617389632181,1.87571885730586,2.76663684774524e-06,0.00475707835765084
"gene-CEBPA|CEBPA","CEBPA",0.911853516612133,1.72940468804836,3.66148778591805e-06,0.00494249019303023
"gene-TKT|TKT","TKT",2.55765101780246,1.05292926286928,3.405039326326e-06,0.00494249019303023
"gene-NEK8|NEK8","NEK8",3.99900880421535,-1.07352957606818,3.83262567472457e-06,0.00494249019303023
"gene-DBI|DBI","DBI",1.53667907083548,1.30212021173241,4.29388766159423e-06,0.0051113778125516
"gene-COPG1|COPG1","COPG1",5.08011064614337,0.584012846320538,4.76760485027014e-06,0.00526990607556646
"gene-SHMT2|SHMT2","SHMT2",0.854752621366237,1.20507871988105,5.81896077902491e-06,0.0060032278703607
"gene-ANXA2|ANXA2","ANXA2",3.46413049720247,1.44975486359946,7.59001996448767e-06,0.00721931874087817
"gene-LOC100217705|LOC100217705","LOC100217705",-0.610111653860633,2.2261139178567,7.93075402875146e-06,0.00721931874087817
"gene-ENO1|ENO1","ENO1",3.52649548788089,1.17977698991073,1.00158460133719e-05,0.00861084539205171
"gene-MED13|MED13","MED13",7.61623878845892,-0.847950943466262,1.07977261914394e-05,0.00879446383223817
"gene-CSF3R|CSF3R","CSF3R",3.52642552066473,1.74877662072354,1.13956802597981e-05,0.00881740760101876
"gene-C15H12orf43|C15H12orf43","C15H12orf43",4.49077275659131,-0.761408015640395,1.2761660924685e-05,0.00930912643009651
"gene-TPM4|TPM4","TPM4",2.16109453148091,1.11252351510254,1.32342992867285e-05,0.00930912643009651
"gene-NOXRED1|NOXRED1","NOXRED1",3.16924316835738,-1.46064301091904,1.44381614208592e-05,0.00959825339740285
"gene-ADNP|ADNP","ADNP",6.5739965148011,-0.578254557653898,1.48858211009802e-05,0.00959825339740285
"gene-VSIR|VSIR","VSIR",2.9063233296663,1.3920449083225,1.57423778189968e-05,0.00974453186995899
"gene-PITPNA|PITPNA","PITPNA",1.7325126336682,1.32600911274977,1.82750913820737e-05,0.0108771938129842
"gene-FZD4|FZD4","FZD4",-0.422073510585998,1.64262464770913,2.41661162423339e-05,0.011332443904549
"gene-VIPAS39|VIPAS39","VIPAS39",4.73607093234499,-0.951147067559202,2.15123852735367e-05,0.011332443904549
"gene-LOC140684451|LOC140684451","LOC140684451",1.85917234660357,0.969234011987584,2.3705563851269e-05,0.011332443904549
"gene-EXOSC6|EXOSC6","EXOSC6",2.24707074389319,-1.01215639334239,2.37354747344021e-05,0.011332443904549
"gene-TCEA2|TCEA2","TCEA2",3.76365652126646,0.666564553268259,2.18905374194894e-05,0.011332443904549
"gene-UBE2V1|UBE2V1","UBE2V1",2.48398469624543,0.768283733146219,2.15261276178046e-05,0.011332443904549
"gene-LRP1|LRP1","LRP1",2.36486218603314,1.94135102672784,2.31670158691799e-05,0.011332443904549
"gene-LOC105758586|LOC105758586","LOC105758586",0.849784485203535,1.78748450222939,3.37160929209547e-05,0.0139088403060237
"gene-A4GALT|A4GALT","A4GALT",2.44170284139353,0.994418021571931,3.59663993608514e-05,0.0139088403060237
"gene-AMPD3|AMPD3","AMPD3",3.14033702386982,1.02569614434084,3.65463028799307e-05,0.0139088403060237
"gene-GPI|GPI","GPI",1.91532794581198,1.01324649371696,3.59693948722716e-05,0.0139088403060237
"gene-GNAI2|GNAI2","GNAI2",5.17652418819127,0.793078430798504,3.31379293535723e-05,0.0139088403060237
"gene-SH3TC2|SH3TC2","SH3TC2",-1.93232380748928,3.27040265648514,3.263964807984e-05,0.0139088403060237
"gene-FASN|FASN","FASN",3.27154776986661,0.894667163125211,3.77154576829377e-05,0.0139088403060237
"gene-ALDOC|ALDOC","ALDOC",4.57572541342831,0.888782864975529,3.17071228946932e-05,0.0139088403060237
"gene-RNPEP|RNPEP","RNPEP",0.841915814976303,1.09216135778804,3.77493565656217e-05,0.0139088403060237
"gene-USP5|USP5","USP5",3.44559399455619,0.804702432159571,3.87842259848939e-05,0.0139578115608426
"gene-DOCK4|DOCK4","DOCK4",-1.39094949248498,2.72322533459644,4.53187744926032e-05,0.0142694967875607
"gene-NFAM1|NFAM1","NFAM1",1.21820608926103,1.54761109211528,4.92593493305872e-05,0.0142694967875607
"gene-CD9|CD9","CD9",1.92666716071272,1.18929168113233,4.80178854256973e-05,0.0142694967875607
"gene-AHSA2P|AHSA2P","AHSA2P",4.46611767858597,-1.35692457491404,5.62480971916771e-05,0.0142694967875607
"gene-LOC100232395|LOC100232395","LOC100232395",1.5404598338241,1.24136458633487,4.23966762069129e-05,0.0142694967875607
"gene-RBM11|RBM11","RBM11",1.82806096115045,-1.15342529144369,5.48370699434169e-05,0.0142694967875607
"gene-ATIC|ATIC","ATIC",1.00737479614718,1.13870861884236,5.55831140373694e-05,0.0142694967875607
"gene-PKM|PKM","PKM",3.19493745411996,0.831571654042144,5.15195303141583e-05,0.0142694967875607
"gene-ADAM19|ADAM19","ADAM19",3.20855459020353,1.36701196047751,4.66415001387817e-05,0.0142694967875607
"gene-LOC100232025|LOC100232025","LOC100232025",2.27109858244093,1.66234850568501,4.17042009133279e-05,0.0142694967875607
"gene-TIMP2|TIMP2","TIMP2",3.38796621064438,0.936753148382118,4.73418904454456e-05,0.0142694967875607
"gene-JMJD6|JMJD6","JMJD6",6.65767242414827,-1.20233250282415,4.47559743322781e-05,0.0142694967875607
"gene-SH3BGRL3|SH3BGRL3","SH3BGRL3",3.59114029169821,1.06446614105573,5.39061612662459e-05,0.0142694967875607
"gene-RAB25|RAB25","RAB25",1.63468074855533,-1.15566478856036,4.59675552623452e-05,0.0142694967875607
"gene-SYT11|SYT11","SYT11",2.99299867145156,-0.711667322872731,5.17529699534909e-05,0.0142694967875607
"gene-IFI30|IFI30","IFI30",2.64879307862127,1.53607759112621,5.16992942939433e-05,0.0142694967875607
"gene-DNAJA1|DNAJA1","DNAJA1",5.79001934520101,-0.995814405629658,4.28371458702677e-05,0.0142694967875607
"gene-LOC116806863|LOC116806863","LOC116806863",4.08964671601797,1.09990121523775,5.32079428488711e-05,0.0142694967875607
"gene-TALDO1|TALDO1","TALDO1",2.26745179183338,1.17663999476861,5.91117219379654e-05,0.0145271369416477
"gene-TRAP1|TRAP1","TRAP1",1.26438487481294,0.992016084308506,5.9141171394107e-05,0.0145271369416477
"gene-NET1|NET1","NET1",0.470315375585146,1.54755679764135,7.49615374154413e-05,0.0154201601875972
"gene-SP4|SP4","SP4",4.50296751704977,-0.707406656731814,7.12181917056394e-05,0.0154201601875972
"gene-LOC100190204|LOC100190204","LOC100190204",1.0855882579193,1.84668831871288,7.14674074559929e-05,0.0154201601875972
"gene-MPEG1|MPEG1","MPEG1",2.10059439769062,1.6013673809843,7.25040642417104e-05,0.0154201601875972
"gene-KTN1|KTN1","KTN1",1.39626482081358,1.25498610768108,7.50464028400058e-05,0.0154201601875972
"gene-ARL4C|ARL4C","ARL4C",0.999489922667635,1.66902145227525,7.23884062992697e-05,0.0154201601875972
"gene-CRIP1|CRIP1","CRIP1",3.07495580165337,1.52981899463789,6.55197156754324e-05,0.0154201601875972
"gene-LOC105759524|LOC105759524","LOC105759524",0.960556645431983,1.01915058898645,7.21830597948135e-05,0.0154201601875972
"gene-CCNB2|CCNB2","CCNB2",5.41161639752752,-0.8275392002717,6.72565935407725e-05,0.0154201601875972
"gene-LOC121470571|LOC121470571","LOC121470571",1.17378935266832,1.54131815366454,7.47678738792921e-05,0.0154201601875972
"gene-DRG1|DRG1","DRG1",1.66983698957712,0.935868392313344,7.57306736192174e-05,0.0154201601875972
"gene-SNAPC4|SNAPC4","SNAPC4",6.25410379805184,-0.559782734503325,7.02471250883423e-05,0.0154201601875972
"gene-C3|C3","C3",1.66417095978774,1.53964808594092,6.63207314059197e-05,0.0154201601875972
"gene-THNSL1|THNSL1","THNSL1",5.25337233100577,0.933877977283918,8.09733096289681e-05,0.0159604716090027
"gene-ABCC3|ABCC3","ABCC3",0.72762127739309,1.41729450005455,8.14783364853774e-05,0.0159604716090027
"gene-DPAGT1|DPAGT1","DPAGT1",3.89684768990413,-0.684859924478187,8.07864675667268e-05,0.0159604716090027
"gene-ARF3|ARF3","ARF3",0.121407447278851,1.40063144451758,8.97770855779862e-05,0.0173662549914917
"gene-HCK|HCK","HCK",2.03918578206791,1.34311061421738,9.46361429813715e-05,0.0178596867394722
"gene-RCC1|RCC1","RCC1",7.87344230524939,-1.17288690233233,9.44157785508602e-05,0.0178596867394722
"gene-EIF6|EIF6","EIF6",3.68921087584524,-0.734398733531918,9.74159323593746e-05,0.0179465661102538
"gene-PTPRU|PTPRU","PTPRU",0.0636054014459802,1.68365751141804,9.64902424581428e-05,0.0179465661102538
"gene-LOC115496994|LOC115496994","LOC115496994",-2.74797594490554,2.90572905547703,0.000115009890155217,0.0186509776698893
"gene-LOC100220534|LOC100220534","LOC100220534",0.36801145144682,2.22735270088689,0.000129183898607697,0.0186509776698893
"gene-TCP1|TCP1","TCP1",5.14651613041473,-1.05084945856216,0.00012470788936531,0.0186509776698893
"gene-HSP90AB1|HSP90AB1","HSP90AB1",3.91399991320168,-1.2790912737656,0.000108807907001306,0.0186509776698893
"gene-COQ8A|COQ8A","COQ8A",2.40229171099069,0.910756826684375,0.000126273515206967,0.0186509776698893
"gene-SUCLG1|SUCLG1","SUCLG1",3.81510572374756,0.676755203613291,0.000109103674667531,0.0186509776698893
"gene-LOC100190592|LOC100190592","LOC100190592",-0.79393037708287,1.82659715857339,0.000121957608167409,0.0186509776698893
"gene-LIN54|LIN54","LIN54",5.44980686946261,-0.457708235699423,0.000128040758270951,0.0186509776698893
"gene-KMT5B|KMT5B","KMT5B",6.41352800263784,-0.498460348533587,0.00012844732569337,0.0186509776698893
"gene-SOS2|SOS2","SOS2",2.65220070903877,0.604317849142552,0.000114769108252346,0.0186509776698893
"gene-OGA|OGA","OGA",6.65625873379759,-0.481909888962859,0.000128599285597699,0.0186509776698893
"gene-PDE8A|PDE8A","PDE8A",-0.929583406301302,1.96187929167382,0.000118782699916442,0.0186509776698893
"gene-BHLHA15|BHLHA15","BHLHA15",1.79408487554419,-0.976393375204965,0.000103679374200196,0.0186509776698893
"gene-ARSG|ARSG","ARSG",2.46280050029577,1.25962947484156,0.000130165143027337,0.0186509776698893
"gene-TMEM94|TMEM94","TMEM94",3.38876379997008,0.923863454750343,0.000105980215442005,0.0186509776698893
"gene-SLC2A10|SLC2A10","SLC2A10",-3.99748637334563,3.18536251758607,0.00011326506932905,0.0186509776698893
"gene-MMP9|MMP9","MMP9",4.05292894498949,1.36006424697575,0.000109507643687758,0.0186509776698893
"gene-CTSA|CTSA","CTSA",3.8560162058973,0.81099582347762,0.000127610503439789,0.0186509776698893
"gene-SEMA4A|SEMA4A","SEMA4A",2.01692611459435,0.853190294432897,0.000126350410299232,0.0186509776698893
"gene-ACSBG2|ACSBG2","ACSBG2",0.860048783030257,1.19877583127198,0.000111758557787612,0.0186509776698893
"gene-MYO1F|MYO1F","MYO1F",3.23949783338779,1.2011322141005,0.000108366766210163,0.0186509776698893
"gene-ARRDC3|ARRDC3","ARRDC3",4.32162250390802,-0.68268912417088,0.000128122086120304,0.0186509776698893
"gene-ERCC8|ERCC8","ERCC8",1.45513695622816,0.977583605570238,0.000115784546695011,0.0186509776698893
"gene-KLF4|KLF4","KLF4",-0.150348092069339,1.80595469456007,0.000129502984612677,0.0186509776698893
"gene-FN1|FN1","FN1",4.82609929564787,2.0892605240072,0.00013265314532067,0.0188330956315355
"gene-NOP14|NOP14","NOP14",5.65855581460781,-0.649206053426068,0.000133926582979331,0.0188410351964104
"gene-ALCAM|ALCAM","ALCAM",0.212359780689904,1.38144261309053,0.000143592545499399,0.0188861398054384
"gene-XPO1|XPO1","XPO1",4.8165189227613,-0.783004133034004,0.00013921020411015,0.0188861398054384
"gene-BST1|BST1","BST1",1.89698247222668,1.21439263316898,0.000141371279313583,0.0188861398054384
"gene-PIGK|PIGK","PIGK",1.54310256963534,0.913218727147661,0.000144010629857301,0.0188861398054384
"gene-PLXND1|PLXND1","PLXND1",1.0050995296957,1.34621673980963,0.000141279218963229,0.0188861398054384
"gene-AGPAT2|AGPAT2","AGPAT2",0.852145403204421,1.24083927032396,0.000138001786355103,0.0188861398054384
"gene-POLDIP2|POLDIP2","POLDIP2",4.67937783657117,0.511879332800574,0.000141617197798903,0.0188861398054384
"gene-KCNS1|KCNS1","KCNS1",-0.876977561568746,1.93243919680505,0.000140846579383441,0.0188861398054384
"gene-SEPTIN12|SEPTIN12","SEPTIN12",3.86433458443692,0.867037502845159,0.00014613449708624,0.0190036247261308
"gene-PLXNC1|PLXNC1","PLXNC1",3.19022232008374,1.55366355450309,0.000155218259179071,0.0191806854571409
"gene-KCTD17|KCTD17","KCTD17",0.306478366284855,1.06126914862305,0.000154776186969986,0.0191806854571409
"gene-PLD4|PLD4","PLD4",1.55774279596073,1.81866315445978,0.000149864656524057,0.0191806854571409
"gene-TPPP3|TPPP3","TPPP3",-1.15023390703541,3.40212145134304,0.000153717418281817,0.0191806854571409
"gene-LOC100225286|LOC100225286","LOC100225286",1.59094046217995,1.49090572794012,0.000155111603276486,0.0191806854571409
"gene-STXBP1|STXBP1","STXBP1",2.86399874858132,0.689176095899346,0.000155701533904648,0.0191806854571409
"gene-DCTN2|DCTN2","DCTN2",2.94974085953312,0.765808544631102,0.000156172301621955,0.0191806854571409
"gene-LOC101234087|LOC101234087","LOC101234087",-2.28122663086334,2.57394830672629,0.000159591108363485,0.0194462393852357
"gene-IMPA2|IMPA2","IMPA2",-2.84158297163384,2.71506266214393,0.000163479637272825,0.0197644327093513
"gene-SIPA1L2|SIPA1L2","SIPA1L2",-0.307207019362577,1.89238758604853,0.000171187733254752,0.0202963835381487
"gene-NT5C2|NT5C2","NT5C2",2.06866343040904,0.955453128358362,0.000171047124717089,0.0202963835381487
"gene-SLC30A5|SLC30A5","SLC30A5",4.73362810242075,-0.755180169153173,0.00017181429683344,0.0202963835381487
"gene-LOC101232863|LOC101232863","LOC101232863",0.3915216801878,1.29229038466562,0.000186559952288391,0.0206913075113723
"gene-MASTL|MASTL","MASTL",3.6755956849644,-1.19774355075508,0.000185020381733834,0.0206913075113723
"gene-PAG1|PAG1","PAG1",-0.0230209464557601,1.45262698003065,0.000184110117661719,0.0206913075113723
"gene-BLNK|BLNK","BLNK",1.12590976409742,1.3036698284103,0.00018250702329518,0.0206913075113723
"gene-ACTR3|ACTR3","ACTR3",5.85494274312345,0.567045063699116,0.00018244883156665,0.0206913075113723
"gene-KLHL36|KLHL36","KLHL36",1.12068112047771,1.09176774075515,0.000186063222744838,0.0206913075113723
"gene-LOC105759267|LOC105759267","LOC105759267",2.39114423636201,-0.84136567359517,0.00018719115034521,0.0206913075113723
"gene-PPP1R3D|PPP1R3D","PPP1R3D",-5.66694187122425,2.97624445142283,0.000181469542710431,0.0206913075113723
"gene-TREM1|TREM1","TREM1",1.22288902372576,1.87730177181931,0.000186199707655563,0.0206913075113723
"gene-ACOX2|ACOX2","ACOX2",-1.39133639849304,1.76771416306297,0.000196703442897408,0.0208492176632698
"gene-UBTD2|UBTD2","UBTD2",-0.24225097652133,1.35998152181894,0.000196409457157812,0.0208492176632698
"gene-ABCA2|ABCA2","ABCA2",3.93742669978141,0.737990648067552,0.00019390670936414,0.0208492176632698
"gene-LOC100228682|LOC100228682","LOC100228682",0.765133866128473,1.7111596382542,0.000192667606900149,0.0208492176632698
"gene-VAT1|VAT1","VAT1",3.61851659058301,0.840622118706827,0.000190868549112135,0.0208492176632698
"gene-ARK2C|ARK2C","ARK2C",-2.97553467122291,2.52977446366604,0.000194498742666177,0.0208492176632698
"gene-RP2|RP2","RP2",3.00188669258939,0.812439582120703,0.000200593125993213,0.0209882951651299
"gene-PDCD11|PDCD11","PDCD11",4.897675566241,-0.458012802958421,0.000201536515968202,0.0209882951651299
"gene-AP3M2|AP3M2","AP3M2",5.7899763805864,-0.680826322741916,0.000202084392866194,0.0209882951651299
"gene-IKBKE|IKBKE","IKBKE",0.654194608950826,2.03314898043929,0.000204601599458328,0.0211080650107842
"gene-ILF3|ILF3","ILF3",2.72754642101181,0.761472200510116,0.000206490122155297,0.0211618188102862
"gene-EPS15|EPS15","EPS15",4.55968499825442,0.723201525274392,0.000212905881912992,0.0215341079908729
"gene-MAP1S|MAP1S","MAP1S",2.22389794709463,0.837729740625861,0.000212543674824751,0.0215341079908729
"gene-RO60|RO60","RO60",5.93324147645782,-0.499995438732769,0.000214769864657585,0.0215815821790657
"gene-CEBPB|CEBPB","CEBPB",2.78398160260564,1.20648154208201,0.000216206947937986,0.0215858227054215
"gene-LPCAT3|LPCAT3","LPCAT3",2.0949174772475,0.915082932172697,0.000223585844878137,0.0221794291633921
"gene-ERLIN2|ERLIN2","ERLIN2",6.48326702708167,-0.553919090039365,0.000234822476692681,0.0231457186421607
"gene-ELF1|ELF1","ELF1",6.80678817881837,0.532344301151412,0.000236426685050857,0.0231563477921646
"gene-LOC140685191|LOC140685191","LOC140685191",1.37265692594458,-1.1361426789773,0.000239721241972138,0.0233313598711876
"gene-ERAL1|ERAL1","ERAL1",6.50222194632448,-1.21631979472275,0.000243407648688153,0.0235420835215573
"gene-ATF4|ATF4","ATF4",8.87021367553564,-0.511326292803474,0.000253066627350434,0.024166336539594
"gene-LY86|LY86","LY86",4.26496875447431,1.65780175773842,0.000255692833553609,0.024166336539594
"gene-CCT5|CCT5","CCT5",6.44459641646378,-0.666445525560382,0.000253000567134144,0.024166336539594
"gene-LOC116806979|LOC116806979","LOC116806979",3.45068312260627,0.524179046338052,0.00025610851001573,0.024166336539594
"gene-LOC121469303|LOC121469303","LOC121469303",1.9554525824115,1.66763840877873,0.000259022735255881,0.0242931928974834
"gene-KRTCAP3|KRTCAP3","KRTCAP3",2.57630884621706,-0.985418079774044,0.000261769755404811,0.0244029335234304
"gene-NACC2|NACC2","NACC2",-1.82446768783173,2.78985796327849,0.000265127394736221,0.0245679427158265
"gene-ITGB2|ITGB2","ITGB2",3.56670842526077,0.996359414833794,0.00026857104128839,0.0247389099043919
"gene-RNF6|RNF6","RNF6",6.13576068294013,-0.561708642161226,0.00027252279806241,0.0248075900000929
"gene-PSMB2|PSMB2","PSMB2",2.81728228777754,0.772446070505685,0.000272335228068925,0.0248075900000929
"gene-ADAM15|ADAM15","ADAM15",2.15475273661648,0.879292523573301,0.000284906346555121,0.0257831913037456
"gene-LOC100220807|LOC100220807","LOC100220807",-0.500831350346882,1.40982881328317,0.000296216211155979,0.0258214669579914
"gene-LOC140683799|LOC140683799","LOC140683799",-4.96990641429035,3.29172162667394,0.000293934776283916,0.0258214669579914
"gene-DISP1|DISP1","DISP1",3.44123229595507,0.719546124871244,0.000297215681352001,0.0258214669579914
"gene-SGPL1|SGPL1","SGPL1",1.2568361463618,1.25112008758312,0.000295520354108743,0.0258214669579914
"gene-TF|TF","TF",3.29446661759898,1.27234261956925,0.000299979307101428,0.0258214669579914
"gene-NCEH1|NCEH1","NCEH1",1.74570523858415,0.908367150167892,0.000303282792982736,0.0258214669579914
"gene-CSF1R|CSF1R","CSF1R",1.32580427699754,1.61378137056543,0.000301140179666541,0.0258214669579914
"gene-LOC115490883|LOC115490883","LOC115490883",0.60955322919203,1.7445048541553,0.000305340374710214,0.0258214669579914
"gene-SGTA|SGTA","SGTA",2.50832303298485,0.812274747374457,0.000289043760223297,0.0258214669579914
"gene-LOC121468742|LOC121468742","LOC121468742",0.17110991147763,1.3423824435853,0.000302612976932667,0.0258214669579914
"gene-LOC140681411|LOC140681411","LOC140681411",-0.00217531752995285,1.27155018127175,0.000305352404091272,0.0258214669579914
"gene-LOC115493267|LOC115493267","LOC115493267",-0.429214810047162,1.23358953961447,0.000304232940668541,0.0258214669579914
"gene-SMIM13|SMIM13","SMIM13",-0.277891311898197,1.40491108136687,0.000315756259190367,0.0258535878887351
"gene-ITGA4|ITGA4","ITGA4",3.67323195073028,1.16324009362501,0.000308901143228592,0.0258535878887351
"gene-IQSEC1|IQSEC1","IQSEC1",-0.157858229735027,1.97347577280668,0.000313117838726195,0.0258535878887351
"gene-LOC115497404|LOC115497404","LOC115497404",-3.90343191193745,2.86220681491739,0.000312451058233663,0.0258535878887351
"gene-YWHAB|YWHAB","YWHAB",4.04196825031872,0.608181839644,0.000313009939095924,0.0258535878887351
"gene-SNIP1|SNIP1","SNIP1",7.78906439853126,-0.833700349818064,0.000314232300221432,0.0258535878887351
"gene-LOC100227429|LOC100227429","LOC100227429",0.207049585732918,1.3302404178159,0.000319837119157224,0.0260498916787265
"gene-APBB1IP|APBB1IP","APBB1IP",2.60856606273993,1.08456496875951,0.000332122340075288,0.0262505177498383
"gene-ZFP36L2|ZFP36L2","ZFP36L2",6.94752984182596,-0.572901343080946,0.000335423179646898,0.0262505177498383
"gene-MCM3AP|MCM3AP","MCM3AP",5.94082927163369,-0.583062383687733,0.00032634160396898,0.0262505177498383
"gene-LOC100232391|LOC100232391","LOC100232391",1.3172256768207,-0.998457409175845,0.000335292435518366,0.0262505177498383
"gene-PFKL|PFKL","PFKL",1.38957764248493,1.28463028119445,0.000332828867084045,0.0262505177498383
"gene-GNB1|GNB1","GNB1",4.39019564080617,0.567148907893187,0.000335870921774991,0.0262505177498383
"gene-PSTPIP2|PSTPIP2","PSTPIP2",1.87647107234686,0.817400833910458,0.000331395435024184,0.0262505177498383
"gene-HEXB|HEXB","HEXB",-1.1026691633956,2.08321607368775,0.000333749839632514,0.0262505177498383
"gene-ANAPC2|ANAPC2","ANAPC2",1.90470608681187,0.878005280700777,0.000338036052255238,0.0262869744153257
"gene-NDFIP2|NDFIP2","NDFIP2",4.01646395769534,0.575943559149851,0.000340293610047637,0.0263302180774359
"gene-ANKRD12|ANKRD12","ANKRD12",7.49198620759345,-0.819460158142251,0.000349081681749665,0.0265589467164611
"gene-FERMT1|FERMT1","FERMT1",2.71602320301465,1.01100103644574,0.000345910272797027,0.0265589467164611
"gene-PPIB|PPIB","PPIB",3.38924988357474,0.805605748379968,0.000350114709541717,0.0265589467164611
"gene-TEKT1|TEKT1","TEKT1",1.83783350086555,1.32251417458409,0.000347162344045519,0.0265589467164611
"gene-NHSL2|NHSL2","NHSL2",3.31684779410148,0.959434221938515,0.000355065793325367,0.0266215485717641
"gene-LRSAM1|LRSAM1","LRSAM1",3.41198547996685,1.03941104017051,0.00035323592500539,0.0266215485717641
"gene-CYBC1|CYBC1","CYBC1",3.40744194894701,0.614087226503929,0.00035610084357707,0.0266215485717641
"gene-TNFRSF21|TNFRSF21","TNFRSF21",2.89092509523264,1.45809105141921,0.000362496454114364,0.0268902087895261
"gene-LOC121469792|LOC121469792","LOC121469792",-4.16923842821451,3.26268940450475,0.000364907518306978,0.0268902087895261
"gene-LOC115493244|LOC115493244","LOC115493244",0.0382939257587661,1.29370110535067,0.0003631994435115,0.0268902087895261
"gene-TSEN54|TSEN54","TSEN54",4.51005223461027,-0.769755495165557,0.000373080966429806,0.0273622177985841
"gene-ZNF438|ZNF438","ZNF438",1.65575303912707,0.801629614914847,0.000376071046248106,0.0274514124560823
"gene-SYTL1|SYTL1","SYTL1",2.71243733241216,1.25635355288985,0.000381152332901758,0.0276917011814775
"gene-GPR65|GPR65","GPR65",1.07951052612954,1.73324906301684,0.000385701208740827,0.0277765148489855
"gene-MTF1|MTF1","MTF1",6.41378920110837,-0.425025221475424,0.000385909576254079,0.0277765148489855
"gene-ASAH1|ASAH1","ASAH1",3.9096541384206,0.726194720284759,0.000395947612895199,0.0281383206140703
"gene-TRAF2|TRAF2","TRAF2",5.48017610831788,-0.494529130834163,0.000396391204773333,0.0281383206140703
"gene-LOC140681042|LOC140681042","LOC140681042",1.88197674501063,1.15229485116034,0.00039502001300694,0.0281383206140703
"gene-SPI1|SPI1","SPI1",2.7112818894921,0.964942076318514,0.000401357238428064,0.0283607455007959
"gene-ARHGEF5|ARHGEF5","ARHGEF5",-2.96676634071173,2.96270130445548,0.000403598155245725,0.0283894611473982
"gene-CEP350|CEP350","CEP350",7.59258219271101,-0.651631013409798,0.000405582646494459,0.0283999613325871
"gene-GPR137B|GPR137B","GPR137B",-0.861468271137916,1.91016286402366,0.000410061978432883,0.0284563911454331
"gene-RALGAPA1|RALGAPA1","RALGAPA1",0.39791146552713,1.12871990659426,0.000410066250431766,0.0284563911454331
"gene-IQCG|IQCG","IQCG",-3.86070447665123,2.97563356089194,0.000413657288295667,0.0285774398945332
"gene-ASNS|ASNS","ASNS",2.42744531504852,1.37138021191976,0.000420093493596018,0.0288930969484372
"gene-ATXN10|ATXN10","ATXN10",1.09307775737539,1.02782068640841,0.000422691791489746,0.0289349809138833
"gene-TXNDC5|TXNDC5","TXNDC5",-1.73591828685486,3.29995606621013,0.000429058348102385,0.0289349809138833
"gene-MATN3|MATN3","MATN3",4.54163067596305,-1.03147486435895,0.000433812302150156,0.0289349809138833
"gene-LOC140683680|LOC140683680","LOC140683680",5.43606190720724,-0.731088567273584,0.000433766918718636,0.0289349809138833
"gene-UPRT|UPRT","UPRT",0.914674879486516,1.03627508550617,0.00043378216424314,0.0289349809138833
"gene-NR1H3|NR1H3","NR1H3",6.28643645510845,-0.525617289284175,0.000435660778864931,0.0289349809138833
"gene-TBC1D16|TBC1D16","TBC1D16",1.6963317558515,1.42293694331195,0.000430911736123046,0.0289349809138833
"gene-MKNK2|MKNK2","MKNK2",9.38995007378648,-0.701521325585873,0.000431322068376678,0.0289349809138833
"gene-LOC140681410|LOC140681410","LOC140681410",0.150280133272541,1.24545551223763,0.000438932680176325,0.0290277060928574
"gene-POLR1A|POLR1A","POLR1A",3.3480964011076,-0.948053117369568,0.000442896791240295,0.0291652248699726
"gene-EHBP1|EHBP1","EHBP1",3.17605135100905,0.898507166823555,0.000445431517895973,0.0292078505908482
"gene-PNRC1|PNRC1","PNRC1",8.39463973942029,-0.544403635108264,0.00044891801002928,0.0292515336796663
"gene-CAMK1|CAMK1","CAMK1",3.27871447134313,-0.902674096099314,0.000449878191648503,0.0292515336796663
"gene-NFYA|NFYA","NFYA",7.47505689649167,-0.706999455747999,0.000454375715347033,0.0294203522803152
"gene-LOC100224972|LOC100224972","LOC100224972",4.26674391468854,0.769263991493705,0.000459470277602963,0.029626260607941
"gene-LOC100190031|LOC100190031","LOC100190031",1.73108329108531,-0.957237104270222,0.000462066745897023,0.0296700534969147
"gene-LOC100229115|LOC100229115","LOC100229115",3.28036359729886,-0.730684385748715,0.000473393934612844,0.0301472063297686
"gene-LOC121468700|LOC121468700","LOC121468700",0.308107132897046,1.32215152302653,0.000472740030554339,0.0301472063297686
"gene-TXNL4B|TXNL4B","TXNL4B",2.38793132942793,-0.842236191037593,0.000477172032222769,0.0302338789838197
"gene-MGMT|MGMT","MGMT",-3.4356998298641,2.85033152236652,0.000478662381327033,0.0302338789838197
"gene-F5|F5","F5",3.86602886824986,0.771043730556318,0.000486106597652701,0.0305792666612827
"gene-RNF149|RNF149","RNF149",0.755099754353186,1.01355726485219,0.000490367260932968,0.0305985216247487
"gene-STAT6|STAT6","STAT6",3.12541162892834,0.77499778090154,0.000488499317767986,0.0305985216247487
"gene-YARS2|YARS2","YARS2",3.6920184818344,-0.615924866873748,0.000500467814322792,0.0309930504728528
"gene-PLEKHO2|PLEKHO2","PLEKHO2",4.20024800083655,0.781165638647928,0.0005006954842141,0.0309930504728528
"gene-LOC101232941|LOC101232941","LOC101232941",5.87713588424424,1.27001905672226,0.000508807369380248,0.0313696973751368
"gene-LOC100221408|LOC100221408","LOC100221408",-0.62893574206136,2.19358868512779,0.000519659625231243,0.0319116377002123
"gene-BASP1|BASP1","BASP1",1.71896446792406,1.33781670909562,0.000525368789533768,0.0321347115337354
"gene-MAP7D3|MAP7D3","MAP7D3",1.6556983257988,0.899591285483348,0.000529233429872634,0.0322436508947992
"gene-LOC100228737|LOC100228737","LOC100228737",5.08462209241228,1.01800763989228,0.000533790612907485,0.0323715914771472
"gene-PHF12|PHF12","PHF12",6.33331366791533,-0.423008599598066,0.000537608982851492,0.0323715914771472
"gene-RPS6KA1|RPS6KA1","RPS6KA1",3.38327618672985,0.73382115884416,0.000537277424361022,0.0323715914771472
"gene-LOC100221249|LOC100221249","LOC100221249",-0.0634900280549002,1.61657630454561,0.000545154538879354,0.0324661437924712
"gene-LOC100218724|LOC100218724","LOC100218724",1.2971843315268,1.44977722299051,0.000544846134899653,0.0324661437924712
"gene-ALDH3A2|ALDH3A2","ALDH3A2",-1.10663989634842,1.71374311334785,0.00054547317518853,0.0324661437924712
"gene-KBTBD11|KBTBD11","KBTBD11",1.55987476704091,1.02793635883531,0.000553726619911922,0.0328311089775364
"gene-MCTP2|MCTP2","MCTP2",0.133788273714208,1.51646481220979,0.000565223397753759,0.033035367962885
"gene-CCDC69|CCDC69","CCDC69",1.39657098845805,1.32879225956365,0.000565710663015479,0.033035367962885
"gene-DNTTIP1|DNTTIP1","DNTTIP1",0.535971174703942,0.866695604432051,0.000565450615780474,0.033035367962885
"gene-APTX|APTX","APTX",4.39215934976072,-0.635236070790196,0.000564459902332409,0.033035367962885
"gene-DOCK11|DOCK11","DOCK11",3.94297090329714,0.837387160793974,0.000575472343697878,0.0334790771380627
"gene-IL12B|IL12B","IL12B",-1.72256724452717,1.96760538367836,0.000579359429742623,0.0335789781845209
"gene-UROD|UROD","UROD",5.15622023394537,0.796506279120807,0.000582864040134211,0.0336560485861079
"gene-GORASP1|GORASP1","GORASP1",5.26644586630223,-0.554655929760735,0.000593496055518961,0.0340161165153923
"gene-NECTIN1|NECTIN1","NECTIN1",-1.60292666904127,1.96343909277322,0.000593217852880044,0.0340161165153923
"gene-KCTD12|KCTD12","KCTD12",3.35734929686273,1.23875735609607,0.000601482984720252,0.0343466759724941
"gene-GTF2E1|GTF2E1","GTF2E1",1.62078560336758,0.811963344508936,0.00061514905675139,0.03438946859002
"gene-FOSL2|FOSL2","FOSL2",2.5362060253599,1.06645220225318,0.000615537016197915,0.03438946859002
"gene-SPATA7|SPATA7","SPATA7",-3.23592274867251,2.56096690007401,0.000622006317534183,0.03438946859002
"gene-CKB|CKB","CKB",0.590432733195308,1.10988354865414,0.000617999872763071,0.03438946859002
"gene-ST3GAL2|ST3GAL2","ST3GAL2",3.08177930030424,0.804078776416672,0.000622232711160297,0.03438946859002
"gene-CENPT|CENPT","CENPT",6.1494835716687,-0.446508884122142,0.000616024956171799,0.03438946859002
"gene-ANXA6|ANXA6","ANXA6",3.68401477333306,1.02559258445497,0.000604459306233905,0.03438946859002
"gene-JAK3|JAK3","JAK3",2.35251648424196,1.04930949604804,0.000611553829223556,0.03438946859002
"gene-LOC116806751|LOC116806751","LOC116806751",-0.0507031077784092,1.15363556990618,0.000615958252981604,0.03438946859002
"gene-NUFIP1|NUFIP1","NUFIP1",1.79005843217576,-0.646899038947774,0.000632060181857622,0.0346482012134985
"gene-PTPRE|PTPRE","PTPRE",1.60449362202214,0.943161772515704,0.000630762049102507,0.0346482012134985
"gene-AKAP1|AKAP1","AKAP1",4.01290968637174,-0.534634406296337,0.000633631078734739,0.0346482012134985
"gene-RUFY4|RUFY4","RUFY4",-0.952343489522417,1.62161751616681,0.000642876207492289,0.0346702725839784
"gene-PDE12|PDE12","PDE12",5.66168062470257,-0.759794181479831,0.000639571500575515,0.0346702725839784
"gene-UBIAD1|UBIAD1","UBIAD1",4.42365383010133,-0.554259394116826,0.000636522372152969,0.0346702725839784
"gene-DBNL|DBNL","DBNL",2.7763453613297,0.80804459115402,0.000642996331605933,0.0346702725839784
"gene-SLC4A7|SLC4A7","SLC4A7",-0.0337050769728959,1.84710678348455,0.00065485793392658,0.03484834833583
"gene-KCNK13|KCNK13","KCNK13",-2.39210733447165,2.87642574849079,0.000651861486872539,0.03484834833583
"gene-GUSB|GUSB","GUSB",2.32591157543054,0.719351177780755,0.000656927698272688,0.03484834833583
"gene-LOC100219073|LOC100219073","LOC100219073",-1.65840940974822,1.825807001087,0.000657558495254434,0.03484834833583
"gene-C1QC|C1QC","C1QC",2.05592176977286,1.868595939533,0.000649913467110246,0.03484834833583
"gene-KLF3|KLF3","KLF3",7.60496409007784,-0.748156290753828,0.000661179137560234,0.0349206387499816
"gene-LOC115494116|LOC115494116","LOC115494116",3.58553951434249,-0.8157390757907,0.000671962208485861,0.0353694393752337
"gene-LCP1|LCP1","LCP1",4.01104156899576,1.19720736981715,0.000689557972577749,0.0354929380626094
"gene-VILL|VILL","VILL",-2.57954587125408,3.06179751355656,0.000682700840445988,0.0354929380626094
"gene-TGFBR2|TGFBR2","TGFBR2",0.788575600418344,1.09360144272777,0.000698800613945275,0.0354929380626094
"gene-HDAC2|HDAC2","HDAC2",4.82453482776741,0.553865574605988,0.000681222510578886,0.0354929380626094
"gene-CFAP43|CFAP43","CFAP43",-4.72517468374226,2.97641214386455,0.000692099515579899,0.0354929380626094
"gene-RAB11FIP2|RAB11FIP2","RAB11FIP2",-0.67269050354771,1.87050119728978,0.000697746606686676,0.0354929380626094
"gene-STING1|STING1","STING1",1.00479050377616,1.12096492097471,0.000686027227269951,0.0354929380626094
"gene-CUX1|CUX1","CUX1",2.96822018386367,0.756507096598027,0.000688713475020504,0.0354929380626094
"gene-FABP3|FABP3","FABP3",2.18719143541893,1.33232786338608,0.000683075410691583,0.0354929380626094
"gene-TXNIP|TXNIP","TXNIP",10.1422786124548,-0.618390465156576,0.000699537713027197,0.0354929380626094
"gene-TYROBP|TYROBP","TYROBP",-0.115463964542475,1.74642436573349,0.000697883259405414,0.0354929380626094
"gene-PCF11|PCF11","PCF11",8.18060238134016,-0.464976860120991,0.00070623126743327,0.0356796021553906
"gene-NCF4|NCF4","NCF4",0.274825126723769,1.03866621248047,0.000711404249536409,0.0356796021553906
"gene-DHX57|DHX57","DHX57",5.25001107896824,-0.5174698653953,0.000712439228821692,0.0356796021553906
"gene-CREB3|CREB3","CREB3",3.57261186913755,0.609581394634981,0.00071182878262352,0.0356796021553906
"gene-CRY1|CRY1","CRY1",5.78379525528313,-0.556585043732565,0.000724381815362838,0.0360444006197425
"gene-LOC140681409|LOC140681409","LOC140681409",0.330641004180413,1.31882155230588,0.000723469390979004,0.0360444006197425
"gene-CDYL2|CDYL2","CDYL2",1.38298592372329,0.976976809324318,0.000727190618870564,0.0360681885481473
"gene-FCF1|FCF1","FCF1",4.37977801524833,-0.524937206369228,0.000733278394398397,0.0362539397869495
"gene-TBC1D1|TBC1D1","TBC1D1",1.26653195664105,1.05354946224966,0.000736696413822293,0.0363069331334394
"gene-EMP1|EMP1","EMP1",-0.983829775533234,2.3936886316007,0.000741253317890146,0.0363078898513888
"gene-CUBN|CUBN","CUBN",0.424502705291303,1.15629526469409,0.000741408283879732,0.0363078898513888
"gene-TXN2|TXN2","TXN2",4.41330668078479,-0.50939118622034,0.000751917192653894,0.0365965487115495
"gene-FUT7|FUT7","FUT7",0.964640968002734,1.18866784411329,0.000752032471100015,0.0365965487115495
"gene-SPATA2|SPATA2","SPATA2",5.29102778480978,-0.409737419533343,0.000754645794506037,0.0366086008463352
"gene-TMEM164|TMEM164","TMEM164",2.84300574240477,0.667716448906393,0.000758227664015435,0.0366674159394964
"gene-NRK|NRK","NRK",4.30677980108554,1.36537615970974,0.000763248101319731,0.0366809452419964
"gene-C8G|C8G","C8G",0.395272657335376,1.01321140450798,0.000763118725050966,0.0366809452419964
"gene-KIAA0513|KIAA0513","KIAA0513",-0.935812213052451,1.79834969575343,0.000776092439449745,0.0369487538166865
"gene-DENND1A|DENND1A","DENND1A",1.81405122695988,0.846251004866325,0.000774587098690146,0.0369487538166865
"gene-MRC2|MRC2","MRC2",2.7420385822759,0.842952387891358,0.000778319533197332,0.0369487538166865
"gene-MAU2|MAU2","MAU2",7.47306795585637,-0.343235709365928,0.000778371162794171,0.0369487538166865
"gene-PPTC7|PPTC7","PPTC7",7.29945233329173,-0.463213815881071,0.00078098335377395,0.0369593804270699
"gene-M6PR|M6PR","M6PR",3.89170113525852,0.666958631156734,0.000794840276951654,0.0371544749042328
"gene-BAG1|BAG1","BAG1",2.51051851656766,-0.775822334370591,0.00079332980679388,0.0371544749042328
"gene-NKAP|NKAP","NKAP",4.29458930076215,-0.456759979236717,0.000798897762963897,0.0371544749042328
"gene-PCBP3|PCBP3","PCBP3",-0.930535571666787,1.97510459904024,0.000801912414734331,0.0371544749042328
"gene-ALDH2|ALDH2","ALDH2",4.39758607101819,0.66188777540382,0.00079897302933768,0.0371544749042328
"gene-NCOR2|NCOR2","NCOR2",2.56191227703513,1.15754119700305,0.000788898751641953,0.0371544749042328
"gene-SERF1A|SERF1A","SERF1A",5.48071675803302,-0.491934931101287,0.000800643354735578,0.0371544749042328
"gene-CAPRIN1|CAPRIN1","CAPRIN1",7.18986217966107,-0.49019521244431,0.000808721343084764,0.037250028448065
"gene-PTDSS2|PTDSS2","PTDSS2",-0.00968656534943037,1.03117426765437,0.000808788986012915,0.037250028448065
"gene-KDM3A|KDM3A","KDM3A",6.91119421167066,-0.595801855615715,0.00081967576835397,0.0376394139919219
"gene-C14H8orf33|C14H8orf33","C14H8orf33",6.66004497090393,-0.461124620172264,0.000823545321325991,0.0377052184837861
"gene-REPS2|REPS2","REPS2",-2.68386419112134,2.57403621717607,0.000876803034096924,0.0378982482904194
"gene-CHCHD3|CHCHD3","CHCHD3",1.98776636198049,0.640945036629019,0.000893713094401107,0.0378982482904194
"gene-INTS13|INTS13","INTS13",7.02055224718534,-0.493618944868297,0.000875353980110328,0.0378982482904194
"gene-DYNC2I1|DYNC2I1","DYNC2I1",-1.41996678317884,1.82978941595278,0.000854777877687383,0.0378982482904194
"gene-EPC1|EPC1","EPC1",6.08662585565623,-0.438046899985645,0.000882749405396771,0.0378982482904194
"gene-LOC100228653|LOC100228653","LOC100228653",0.145976821842654,1.98117922928735,0.000883173945345836,0.0378982482904194
"gene-TMEM170B|TMEM170B","TMEM170B",-3.14659568148376,3.06956466341758,0.0008701220427926,0.0378982482904194
"gene-ACSS1|ACSS1","ACSS1",6.16918453319089,0.846142765830268,0.000853553676127406,0.0378982482904194
"gene-RBM47|RBM47","RBM47",-1.07500309372638,2.32124982522889,0.000893532011588626,0.0378982482904194
"gene-ZNF711|ZNF711","ZNF711",1.66454613552468,0.858959380748001,0.000891643337707363,0.0378982482904194
"gene-FAR1|FAR1","FAR1",2.87526818857162,1.1544618890697,0.000872892670613392,0.0378982482904194
"gene-CHST15|CHST15","CHST15",-1.82946324115941,2.34055207073852,0.000877135382103835,0.0378982482904194
"gene-SLC23A3|SLC23A3","SLC23A3",4.82691040278324,-0.744950341138535,0.000849693993078475,0.0378982482904194
"gene-HSPD1|HSPD1","HSPD1",6.8025864481163,-0.898316353053668,0.000836012707364434,0.0378982482904194
"gene-OSBPL9|OSBPL9","OSBPL9",5.67877077767131,-0.830970969369287,0.000892966717371005,0.0378982482904194
"gene-FAM20B|FAM20B","FAM20B",1.28438200118534,0.578782915623059,0.0008647999188595,0.0378982482904194
"gene-SS18L2|SS18L2","SS18L2",7.34400623849568,-0.661792596922248,0.000886526008697882,0.0378982482904194
"gene-EOGT|EOGT","EOGT",-0.110031484173564,1.15228772816732,0.000879516088021952,0.0378982482904194
"gene-SH3PXD2B|SH3PXD2B","SH3PXD2B",-3.62131725832324,2.93775161129608,0.000886771491335151,0.0378982482904194
"gene-KNOP1|KNOP1","KNOP1",-2.19234112360071,2.08764926150971,0.000893204656586867,0.0378982482904194
"gene-DYNLL1|DYNLL1","DYNLL1",6.51891650591769,-0.526261544818417,0.000866608331568221,0.0378982482904194
"gene-LIMK1|LIMK1","LIMK1",2.29562548653792,0.716791822299903,0.000893884370016353,0.0378982482904194
"gene-PLEKHA2|PLEKHA2","PLEKHA2",4.05703637922991,0.694336232432204,0.000830557709600722,0.0378982482904194
"gene-TLK2|TLK2","TLK2",6.97313797628327,-0.377347845728774,0.000839950206492774,0.0378982482904194
"gene-LOC140681043|LOC140681043","LOC140681043",1.19147589117365,1.0979853776287,0.000874128934766043,0.0378982482904194
"gene-LSM2|LSM2","LSM2",-1.44186033284422,1.79646814836749,0.000862958405189223,0.0378982482904194
"gene-PPIP5K2|PPIP5K2","PPIP5K2",0.865299639197952,0.831395832285789,0.000877178411088887,0.0378982482904194
"gene-LOC100228280|LOC100228280","LOC100228280",-4.19623464618545,2.49468609762492,0.000897680406380354,0.0379552029746885
"gene-HYPK|HYPK","HYPK",5.73454915306002,-0.478275592906715,0.00090044680889874,0.0379684315196403
"gene-ARL14|ARL14","ARL14",5.20533974566968,-1.35275931443481,0.000905094281484293,0.0380606902336126
"gene-SLC38A7|SLC38A7","SLC38A7",1.68773897950873,-0.843088622254446,0.000910610949694194,0.0381889009390722
"gene-LOC115492366|LOC115492366","LOC115492366",2.82350714911294,-0.795391340882582,0.00091428552804551,0.0382393744500115
"gene-SAMM50|SAMM50","SAMM50",2.28647988408759,0.689934671701669,0.000922809770172962,0.0384290078743672
"gene-ASXL1|ASXL1","ASXL1",6.66233775575329,-0.466821742053397,0.000924525673417713,0.0384290078743672
"gene-MRPL54|MRPL54","MRPL54",1.98352731331354,0.856304258584168,0.000926269462819965,0.0384290078743672
"gene-SETD3|SETD3","SETD3",1.49894521457134,0.653838410784088,0.000933389936026702,0.0386208803743669
"gene-BMAL1|BMAL1","BMAL1",0.756131262526712,0.854741099725085,0.000946445583066116,0.0387623436380368
"gene-EIF5|EIF5","EIF5",9.47756251761361,-0.577257606358213,0.000945451958881826,0.0387623436380368
"gene-PDCD1|PDCD1","PDCD1",-1.01504279697404,1.5297156476202,0.000941365675629968,0.0387623436380368
"gene-RGS19|RGS19","RGS19",3.4774825161719,0.617758308979975,0.00094682816770132,0.0387623436380368
"gene-LOC140681695|LOC140681695","LOC140681695",3.56296846506924,-0.982064094448392,0.00096080468612601,0.0392307454295515
"gene-KIAA0040|KIAA0040","KIAA0040",2.33458036797099,1.4831917693095,0.000969791709337596,0.0394934913210508
"gene-TTC8|TTC8","TTC8",-1.132087360293,1.64080280555027,0.000976619986336736,0.0396671766103963
"gene-OTOA|OTOA","OTOA",-0.750802861439026,2.00838497607103,0.000985473938731949,0.0399220136174788
"gene-MPZL1|MPZL1","MPZL1",1.2206554577675,0.9334770687911,0.00100031652092066,0.0399404221363024
"gene-CHPF2|CHPF2","CHPF2",4.55387270372831,-0.489835577188693,0.000995573836685386,0.0399404221363024
"gene-MERTK|MERTK","MERTK",0.212655227916777,1.26367364788446,0.00100696448549251,0.0399404221363024
"gene-MMRN2|MMRN2","MMRN2",0.268377050290709,1.37369132299831,0.00100915703103678,0.0399404221363024
"gene-DNAJC5|DNAJC5","DNAJC5",4.07545849062224,0.682576079032108,0.00098872123549057,0.0399404221363024
"gene-LOC100223082|LOC100223082","LOC100223082",1.77986853672828,1.10781106351357,0.000997950082803775,0.0399404221363024
"gene-LOC121468582|LOC121468582","LOC121468582",2.20706834299512,1.04094998298501,0.00100625337736784,0.0399404221363024
"gene-LOC121468853|LOC121468853","LOC121468853",2.4502348132302,0.874753321720517,0.00100066986526531,0.0399404221363024
"gene-LOC140680267|LOC140680267","LOC140680267",-5.69762881240217,2.41792446676697,0.00100864128768999,0.0399404221363024
"gene-SEC63|SEC63","SEC63",4.86834973314316,0.450826592219742,0.00102474214491677,0.0399855785227404
"gene-NKRF|NKRF","NKRF",7.67639273484431,-0.593460888162432,0.00102837131454,0.0399855785227404
"gene-MRAS|MRAS","MRAS",1.90970254757548,1.02706469619399,0.00102163798640638,0.0399855785227404
"gene-MAPKAPK2|MAPKAPK2","MAPKAPK2",1.70846970833785,0.898801330698554,0.0010202272657419,0.0399855785227404
"gene-LSM12|LSM12","LSM12",3.68707485680231,-0.671332480572344,0.00102815681420681,0.0399855785227404
"gene-TMEM175|TMEM175","TMEM175",0.0512917508781299,1.14151463310773,0.00102043484311189,0.0399855785227404
"gene-LOC105760834|LOC105760834","LOC105760834",1.36540058126226,-0.727021311982217,0.00102838515360586,0.0399855785227404
"gene-C1QB|C1QB","C1QB",1.79437439199082,1.58479015286241,0.00103225775459974,0.040035560783035
"gene-ANTXR2|ANTXR2","ANTXR2",2.97930083477129,1.0222448263077,0.00104785650629767,0.0400569716377897
"gene-VTI1B|VTI1B","VTI1B",2.93379018902997,-0.614577738650929,0.001046647538965,0.0400569716377897
"gene-SPTLC2|SPTLC2","SPTLC2",1.95324626417348,0.740396887350907,0.00104209047204295,0.0400569716377897
"gene-LOC100231564|LOC100231564","LOC100231564",-1.21585824293242,1.81098858977951,0.00105092927204799,0.0400569716377897
"gene-ARHGEF10L|ARHGEF10L","ARHGEF10L",-1.27241278045283,1.96417081143006,0.00105085364465646,0.0400569716377897
"gene-TRIM33|TRIM33","TRIM33",6.0525466203428,-0.411966080037111,0.00103802170551394,0.0400569716377897
"gene-MACIR|MACIR","MACIR",0.731800434322185,1.02608624452139,0.00104716207535416,0.0400569716377897
"gene-PRPF38B|PRPF38B","PRPF38B",6.39970609516006,-0.697749597728672,0.001064882873395,0.0404890969675372
"gene-LOC140683609|LOC140683609","LOC140683609",-4.25750495669027,2.66694411890098,0.00106929697632324,0.0405572811485345
"gene-WDR37|WDR37","WDR37",2.93054734083442,0.57105749441719,0.0010817510402015,0.0408295057246785
"gene-LOC115498509|LOC115498509","LOC115498509",4.87677846119546,1.22744624969461,0.00108158583501318,0.0408295057246785
"gene-POLR3A|POLR3A","POLR3A",5.03142279884258,-0.457724428487153,0.00109674292496345,0.0410514819151339
"gene-CYP27A1|CYP27A1","CYP27A1",0.782879234588146,1.26251369889638,0.00109824319953896,0.0410514819151339
"gene-DPYD|DPYD","DPYD",-3.95698654511499,2.46716167426475,0.00109650464297719,0.0410514819151339
"gene-G6PD|G6PD","G6PD",2.40721920649343,0.640419406078765,0.001095250626946,0.0410514819151339
"gene-DSG2|DSG2","DSG2",-5.40291763181038,3.34938860418424,0.00110755869822612,0.0412006510938684
"gene-SUN1|SUN1","SUN1",8.95799889122602,-0.57463554031906,0.0011052672010046,0.0412006510938684
"gene-TRIB1|TRIB1","TRIB1",-1.67093379709922,2.03092808841431,0.00112056657282408,0.0415845748548023
"gene-CCR5|CCR5","CCR5",1.09267427663211,1.53695376815094,0.00114761113208935,0.042186586771801
"gene-PTGR3|PTGR3","PTGR3",4.45037110697923,-0.612615925185442,0.00115242970468826,0.042186586771801
"gene-MAL|MAL","MAL",3.79610625162882,-0.951340398344656,0.00115314547363307,0.042186586771801
"gene-POLD4|POLD4","POLD4",6.4065950500929,-0.697565882937365,0.00115077867067517,0.042186586771801
"gene-GMFB|GMFB","GMFB",2.73198392780685,1.03492952033568,0.00114345025573824,0.042186586771801
"gene-SLC12A9|SLC12A9","SLC12A9",2.33525721629263,1.124510818127,0.00114630885354962,0.042186586771801
"gene-SLC1A6|SLC1A6","SLC1A6",-4.23479340754964,2.61516441051442,0.00115936294216652,0.0423140130425162
"gene-TMCC1|TMCC1","TMCC1",7.25893814506316,-0.400973208689426,0.0011661457635405,0.042461425154798
"gene-ACVR2A|ACVR2A","ACVR2A",6.47424946934491,-0.406484769482523,0.00117296162330133,0.0426093453534931
"gene-LUC7L2|LUC7L2","LUC7L2",6.86050397055773,-0.47458921941034,0.00118299303941898,0.0428731083958048
"gene-ENTR1|ENTR1","ENTR1",5.73004288333359,-0.529107264621391,0.00119087754356963,0.0430580139877105
"gene-CSNK1E|CSNK1E","CSNK1E",0.284524426517015,1.08243739384463,0.00122185369925967,0.0437226155563671
"gene-SLC25A22|SLC25A22","SLC25A22",-0.313631805124626,1.47086162139467,0.00121691438582792,0.0437226155563671
"gene-KIAA0753|KIAA0753","KIAA0753",4.10215478373233,-0.615773393714885,0.00122338562429124,0.0437226155563671
"gene-LOC121470910|LOC121470910","LOC121470910",-0.728091319396442,1.3217630866309,0.00122322806496406,0.0437226155563671
"gene-LOC121468062|LOC121468062","LOC121468062",0.192348838653975,1.24612280885109,0.00121652801463718,0.0437226155563671
"gene-ISY1|ISY1","ISY1",5.82319253953345,-0.482143439305984,0.00122715775264404,0.0437563737837937
"gene-SH2D3C|SH2D3C","SH2D3C",1.5756145087079,1.05872773752923,0.00123420621372263,0.0438521545089421
"gene-MEF2D|MEF2D","MEF2D",3.1045604954803,0.803123100689113,0.00123834517094718,0.0438521545089421
"gene-PGAP3|PGAP3","PGAP3",2.38637795785356,0.654977378310101,0.0012375521756055,0.0438521545089421
"gene-KCNJ2|KCNJ2","KCNJ2",-0.993149649751584,1.72994202374776,0.00126798301511098,0.0446971233686616
"gene-RASSF5|RASSF5","RASSF5",3.03306485050211,1.16148704181473,0.00126604251486752,0.0446971233686616
"gene-IPO5|IPO5","IPO5",2.46665726306427,0.589705143519531,0.00127328560927786,0.0447117902259527
"gene-SUCLG2|SUCLG2","SUCLG2",0.739647092959131,1.1104547686943,0.00127417767299807,0.0447117902259527
"gene-PIK3R5|PIK3R5","PIK3R5",3.16462169747738,1.13967576282114,0.00127890907978208,0.0447762850896554
"gene-LOC140682520|LOC140682520","LOC140682520",3.1613149077808,-0.775022822765542,0.00128843292212323,0.0449128842314613
"gene-ROCK1|ROCK1","ROCK1",5.29030309916211,-0.535651972621439,0.00128904080802096,0.0449128842314613
"gene-STX7|STX7","STX7",2.13602059988626,0.815850484200493,0.00129692074406716,0.0449128842314613
"gene-LOC115497277|LOC115497277","LOC115497277",-2.5209091964858,2.5385268779899,0.00129316625588399,0.0449128842314613
"gene-B3GALT6|B3GALT6","B3GALT6",5.05601658832898,-0.40058909617578,0.00129732208410102,0.0449128842314613
"gene-EIF5A2|EIF5A2","EIF5A2",7.34359269576862,-0.587516380018847,0.0013066391847456,0.0451344673748619
"gene-SLC25A1|SLC25A1","SLC25A1",2.38838187537181,0.848152957587292,0.00131608638334219,0.0453595473991546
"gene-BTD|BTD","BTD",-1.13269404454688,1.53403587072245,0.00134513254822408,0.0462576137417057
"gene-ARPC5|ARPC5","ARPC5",4.57550422580425,0.714685299300248,0.00135253812849565,0.0463959416320413
"gene-VCF1|VCF1","VCF1",7.38027436552324,-0.36649739695353,0.00135515125154654,0.0463959416320413
"gene-FARSB|FARSB","FARSB",1.47373891110812,0.784799509019534,0.00135924497619629,0.0464333686680741
"gene-GADD45G|GADD45G","GADD45G",1.47527675050462,-1.15729939729318,0.00136555245134038,0.0465460885120979
"gene-ATPSCKMT|ATPSCKMT","ATPSCKMT",2.50948003012303,-0.872841587432597,0.00138741770944595,0.0468934162775253
"gene-LOC115493947|LOC115493947","LOC115493947",2.07530266465984,-1.34360554844057,0.00138786330566117,0.0468934162775253
"gene-TLE3|TLE3","TLE3",5.96551206887416,-0.561867457678567,0.00138081866528694,0.0468934162775253
"gene-LOC100221316|LOC100221316","LOC100221316",0.0113956739536492,1.36260824401714,0.00138626758991198,0.0468934162775253
"gene-STARD5|STARD5","STARD5",1.15709404369969,1.0110759286478,0.00139863101983754,0.0471542811154377
"gene-TMEM201|TMEM201","TMEM201",4.76822808850094,-0.66404730340191,0.00140969123662276,0.0474238519276897
"gene-LASP1|LASP1","LASP1",6.66778374140878,-0.495715568285663,0.00141290115663446,0.0474287318848552
"gene-SH3KBP1|SH3KBP1","SH3KBP1",1.05659118445602,1.03126074104678,0.00144144590377331,0.047970699700843
"gene-WTAP|WTAP","WTAP",7.57693284150901,-0.351308994774272,0.00143581773541766,0.047970699700843
"gene-AIMP1|AIMP1","AIMP1",1.35704582804481,0.664845770202048,0.0014324467600398,0.047970699700843
"gene-ACAP3|ACAP3","ACAP3",1.06679031568501,0.947394737762593,0.00144061029855806,0.047970699700843
"gene-DNMT3A|DNMT3A","DNMT3A",1.85935713109105,0.834218757266752,0.0014456835275219,0.0480084819493591
"gene-ANGPT1|ANGPT1","ANGPT1",-0.572165511147093,1.39263809056818,0.00146213796930842,0.0483817340833405
"gene-CAPN3|CAPN3","CAPN3",-0.202467067876197,1.12838748018197,0.00146317619069489,0.0483817340833405
"gene-LOC101234096|LOC101234096","LOC101234096",-1.38252295441892,1.77748301156582,0.0014702108228819,0.04840747337042
"gene-CEP95|CEP95","CEP95",4.24333041607864,-0.77460999294289,0.0014687273729984,0.04840747337042
"gene-MRPS23|MRPS23","MRPS23",5.91775089434331,-0.542197017426853,0.00147661750338868,0.0484690762102389
"gene-CHEK1|CHEK1","CHEK1",2.31768321217882,-1.17502099637053,0.00147834597552393,0.0484690762102389
"gene-AAGAB|AAGAB","AAGAB",2.53959064597323,0.642404058974856,0.00149080690254844,0.0487742850252369
"gene-LANCL2|LANCL2","LANCL2",1.92794333827072,1.63472856144757,0.00149461321350252,0.0487956529091802
"gene-STK39|STK39","STK39",-3.69004586604215,2.91219064968156,0.00150655614445644,0.0488762187326276
"gene-ESRP2|ESRP2","ESRP2",-4.87680686700347,2.97150592293766,0.0015063555398418,0.0488762187326276
"gene-LOC116806883|LOC116806883","LOC116806883",5.29107585121964,-0.785690180198104,0.00150154270525318,0.0488762187326276
"gene-RGS9BP|RGS9BP","RGS9BP",5.59786601563995,-0.882119566131847,0.00152342537748342,0.0493200998254308
"gene-SBF2|SBF2","SBF2",-0.23951918948683,1.11139161351232,0.0015355545371255,0.0496089905261317
"gene-LOC140680560|LOC140680560","LOC140680560",-5.04279221220505,2.46536771405512,0.00154531005269221,0.0498201522196084
