"GeneID","Symbol","logCPM","PValue_spline","FDR_spline","FDR_factor","logFC_Heat_vs_Control","FDR_Heat_vs_Control","logFC_Rec2h_vs_Heat","FDR_Rec2h_vs_Heat","logFC_Rec24h_vs_Rec2h","FDR_Rec24h_vs_Rec2h","logFC_Rec2wk_vs_Rec24h","FDR_Rec2wk_vs_Rec24h","logFC_Rec2wk_vs_Control","FDR_Rec2wk_vs_Control"
"gene-CNGA4|CNGA4","CNGA4",2.21146157889515,0.000145748982005085,0.00255427401083016,0.153657545779777,5.85302041305461,0.17105169423763,-1.35437197122609,0.538023332424565,1.70275491983999,0.887513469905966,-3.121165848873,0.430133153275314,3.08023751279551,0.64701477133746
"gene-LOC140684400|LOC140684400","LOC140684400",-1.31433865443474,0.00029361564347888,0.00421493699706463,0.0574401074992323,-0.330420353871835,0.850061288141472,0.769029192716167,0.609828243983821,-1.56636925234427,0.881351538865029,-1.45592131321602,0.747110388542262,-2.58368172671596,0.335127645468079
"gene-SSTR4|SSTR4","SSTR4",-2.8697062970767,0.000789863507345912,0.00845891887624775,0.0794554629963207,1.28504476976261,0.60724544133716,1.61421210129044,0.374822344346751,-1.32423572838117,0.930799851867101,-2.53810084849086,0.581432756553075,-0.963079705818976,0.845404969945772
"gene-BCAT2|BCAT2","BCAT2",-0.551442393296967,0.00085427686798475,0.00890231281620471,0.0587627805115894,2.14832649318163,0.08133857227868,-0.014177814604142,0.991402886638613,0.0596348726059285,0.996216994695931,-0.0197790891811569,0.993853392646511,2.17400446200226,0.223704403258938
"gene-ADIPOQ|ADIPOQ","ADIPOQ",-0.965205632101289,0.000995011189693323,0.00983256587516231,0.0866183444010926,2.43096322995346,0.158729148111216,0.0287937552950183,0.98723933808614,-1.16108180825734,0.896905896611726,-0.420438151090665,0.916800785037143,0.878237025900467,0.79332117389713
"gene-LOC140680834|LOC140680834","LOC140680834",-0.459721530291427,0.00107370938629149,0.0103467111180706,0.069012383422255,2.37414336922962,0.106290245011349,0.058101392992769,0.971104320278063,-0.103215708905889,0.996216994695931,0.327312359944102,0.892173865033719,2.6563414132606,0.221220142233017
"gene-CPN1|CPN1","CPN1",2.00886349353343,0.00113450152933365,0.0107378661568429,0.0803090840243434,2.61208129124309,0.111822157057227,0.325385969248336,0.818772891000188,-0.249990887813587,0.993088217117691,-0.46411570365188,0.86370529729893,2.22336066902596,0.336728020288786
"gene-NUDT7|NUDT7","NUDT7",-1.57241906337228,0.00113351389587426,0.0107378661568429,0.0659517039378916,-0.320852717927821,0.838483187656506,1.52953270943643,0.146808112024074,-0.787684541826228,0.914242243438978,-1.84423654086482,0.469464179271637,-1.42324109118245,0.485133699311823
"gene-GYS2|GYS2","GYS2",-4.18650518282663,0.00131181094195574,0.0119385298976609,0.0677668089957594,2.74718239995618,0.213616559810896,1.73470782239435,0.301859401751906,-2.57849697975782,0.755237273332146,0.179694480442481,0.978201834315302,2.08308772303519,0.540363722413652
"gene-WLS|WLS","WLS",-1.24060814134786,0.00132725432310617,0.0120323729643046,0.0700729727217734,-0.297324240966086,0.841664343589396,1.57326893630488,0.10750742177265,-0.85075613198326,0.888857467920483,-1.59873658783309,0.511777617136997,-1.17354802447755,0.554791816999078
"gene-KIF18B|KIF18B","KIF18B",-0.933532140850294,0.00140211672562279,0.012543656010968,0.0694029005283965,1.37747690594715,0.20562925326919,0.35568287093889,0.731241150315466,-0.371454704364979,0.961005198158918,-0.956823734226555,0.632523848563504,0.40488133829451,0.863686113968681
"gene-LOC100231534|LOC100231534","LOC100231534",-1.2807805545563,0.00162969947201857,0.0139334802925345,0.0854824465062288,0.308507790976212,0.883935620164826,1.85777020067537,0.117481321554924,-0.621218299705789,0.952832963583212,-1.94765862022117,0.495583530959382,-0.402598928275377,0.910378542831181
"gene-LOC140682407|LOC140682407","LOC140682407",-1.5071643767908,0.00167076554360957,0.0142139069749082,0.0701568175125277,1.03828594300062,0.478808557774467,1.52292660010428,0.119865072217904,-0.705711859790561,0.923257285172901,-0.823482228230666,0.738363749385893,1.03201845508368,0.635677621419491
"gene-LOC140684408|LOC140684408","LOC140684408",-1.07759217555775,0.00170410879129721,0.0144183070231407,0.0518538375132923,1.09133270681576,0.3649489574036,0.213302132287665,0.875592880854994,-1.38751310280775,0.848095264906881,-0.264891916905449,0.943593881789854,-0.347770180609774,0.901657671947766
"gene-LOC121469922|LOC121469922","LOC121469922",-3.19152788215903,0.00176172489826009,0.0147286292817801,0.0514957372186283,2.44859206485221,0.144650557659898,0.119505597640391,0.954681756421454,-0.836197028317109,0.952863058276477,-1.02978969500803,0.788803392155388,0.702110939167462,0.842435897812087
"gene-LOC100226788|LOC100226788","LOC100226788",1.31138320293535,0.0017861592462114,0.0148526675632034,0.0604854237186757,1.38070392041199,0.160315032443254,0.697486772799687,0.397652161910121,-0.800516078541129,0.881351538865029,-0.313176630982947,0.8853500332152,0.964497983687599,0.520615801946078
"gene-PDCD1|PDCD1","PDCD1",-1.01504279697404,0.00185398943166376,0.0152365833536892,0.0535705048051568,0.373872239940693,0.7574195837004,1.5297156476202,0.0387623436380368,-1.06115760441592,0.764555587749007,-0.332563238391847,0.880399287067011,0.509867044753133,0.771243737867991
"gene-TRIM63|TRIM63","TRIM63",-2.92974454981324,0.00191137572067484,0.0156169689954821,0.0717259974340284,1.05382550893768,0.620854094435964,1.58100948320943,0.32725767462656,-0.596264537166961,0.967196980144737,-2.60250797719132,0.46379538319165,-0.563937522211169,0.895812936509818
"gene-LOC115492621|LOC115492621","LOC115492621",-2.1702348227952,0.00191435971834335,0.0156248505492422,0.0562827232760506,2.46386406822129,0.140352008645541,0.0478939267703451,0.981910400693013,-2.04098449260759,0.808967622900506,0.676614630991522,0.871403912163515,1.14738813337557,0.691145326120219
"gene-LOC100222802|LOC100222802","LOC100222802",-1.35344577974095,0.00191579427317251,0.0156283164877937,0.0544043177748651,0.53965541021881,0.663095769399517,1.43345371228988,0.0720850637809038,-1.96993038831679,0.537248169746813,0.364927558216828,0.894999242684669,0.368106292408723,0.87188603779321
"gene-LOC115491612|LOC115491612","LOC115491612",-2.30315919251306,0.00196748093541324,0.015915717446691,0.0521748967123398,1.08497136006375,0.423583415498093,0.410234648566367,0.777694294156222,-1.49266274857991,0.848973349009217,-0.536638907819922,0.883742989384236,-0.534095647769714,0.851733402707676
"gene-LOC100231564|LOC100231564","LOC100231564",-1.21585824293242,0.00203768611428503,0.0163299806414091,0.0659517039378916,0.159020619690892,0.921016738824338,1.81098858977951,0.0400569716377897,-0.942755505649579,0.855745624766289,-0.93035173055137,0.680186068207354,0.0969019732694529,0.972973212380399
"gene-LOC140681012|LOC140681012","LOC140681012",0.754617020482066,0.00205342689448042,0.0164221091431961,0.0527478376907807,1.78212848225881,0.128977988668206,-0.361740566848799,0.754546818693191,0.856351779837436,0.881351538865029,-0.118806338926365,0.95840687918517,2.15793335632108,0.221220142233017
"gene-TMEM198|TMEM198","TMEM198",-0.809794159546167,0.00208076063437343,0.0165807264762764,0.065462348481033,1.10542810903754,0.21041951259233,0.241085702012582,0.798528755811626,-0.332618672156842,0.960922815213,-0.783265396840216,0.640645859297217,0.230629742053059,0.908561802366342
"gene-IGFALS|IGFALS","IGFALS",1.07557204016987,0.00217486981069431,0.0171627283633322,0.0682977065338141,2.11083459023443,0.0652722235633997,-0.405773830571171,0.690840871805462,-0.24828578194788,0.992103694485789,0.615877069271562,0.749838598846248,2.07265204698694,0.221220142233017
"gene-LOC100229107|LOC100229107","LOC100229107",0.223672274717464,0.00235840518850708,0.0181682299289812,0.0547670487628552,0.602362065650616,0.432984387104346,0.442301017252634,0.548325142059566,-0.8607709251241,0.822904700039556,-0.398179313344357,0.833342812862774,-0.214287155565206,0.899263568407916
"gene-SBF2|SBF2","SBF2",-0.23951918948683,0.0023744492592282,0.0182536524026609,0.051039815303768,0.0155151963173348,0.987106793624266,1.11139161351232,0.0496089905261317,-0.800818357244913,0.767011600006742,-0.582390759046563,0.690103414513562,-0.256302306461818,0.857321237120408
"gene-MALL|MALL","MALL",-2.39285251728777,0.00245506136410078,0.0186601545233102,0.0535210265509109,2.68041805309989,0.0567731603304872,-0.62049420182507,0.641563298445467,0.147433486952435,0.996216994695931,-0.147830892192487,0.964278512771156,2.05952644603477,0.293209638675892
"gene-SOX11|SOX11","SOX11",-3.08864583009228,0.00249317424860761,0.0188849101797371,0.0521748967123398,3.31127980276031,0.0567731603304872,-0.815201894369284,0.61095129393233,0.313642527709916,0.993088217117691,0.00917299823296647,0.997461999132872,2.81889343433391,0.247680551163968
"gene-LOC100219761|LOC100219761","LOC100219761",-3.02532047832831,0.00252454911420432,0.0190390939110354,0.076043180624009,1.00485710812411,0.576106919733916,2.10195168098469,0.0792463928184386,-1.81704686538754,0.758026297171493,-0.403530107538383,0.916800785037143,0.88623181618288,0.758723708483352
"gene-RBM47|RBM47","RBM47",-1.07500309372638,0.00255553993918212,0.0191732298377413,0.0720521853966796,-0.466610942558815,0.792195498120638,2.32124982522889,0.0378982482904194,-1.60053877692153,0.755237273332146,-0.926708322932866,0.783449963199546,-0.672608217184315,0.812060488318753
"gene-TFEC|TFEC","TFEC",-1.13006396451188,0.00259307524969254,0.0193294024513449,0.0928252950464759,0.500646695865737,0.796253279807283,2.01218075880635,0.0654911243065407,-0.989954495704608,0.881351538865029,-1.04036141401558,0.71399878275358,0.482511544951906,0.882900687609962
"gene-LATS2|LATS2","LATS2",-0.986730055305377,0.00265057071104837,0.0196162514363814,0.0592141604375479,-0.437437025320384,0.615272638503433,0.369604023216766,0.711078668798419,-0.439667840039396,0.957536633144793,-1.08823525835972,0.56743417784031,-1.59573610050273,0.25056738717127
"gene-NES|NES","NES",-4.01041799685222,0.00267306385559802,0.0197261150049496,0.0619807317987611,1.36235158926457,0.479994804793316,0.776068430257281,0.688574695409071,-1.17485962571991,0.942022518769759,-1.8467021675327,0.636195801469267,-0.88314177373076,0.813996354828525
"gene-CCKBR|CCKBR","CCKBR",2.35698595291867,0.00276347262548046,0.0201530343446324,0.17845109471361,4.13303466889929,0.240265619238612,-1.05022373897473,0.695499736586842,1.74497183529551,0.904412745406004,-3.22494997876968,0.476606274197335,1.60283278645039,0.81565812477986
"gene-LOC115496004|LOC115496004","LOC115496004",-2.98823935169919,0.00280233466206782,0.0203501308754104,0.0875838144718263,1.2513497934809,0.527341405072671,1.89588388145245,0.177966174382975,-0.982647229154336,0.942225082410525,-1.7029564875889,0.624876855218412,0.46162995819011,0.908561802366342
"gene-TLR4|TLR4","TLR4",-1.28739165965405,0.00281197145629666,0.0203914050075871,0.11746769824546,0.763582427338316,0.607109593620013,1.11397301523581,0.29164119457296,-1.34472682506262,0.821916777871855,-0.807718995244141,0.798694621895044,-0.274890377732632,0.930535921083657
"gene-LOC115497097|LOC115497097","LOC115497097",-2.6374685907921,0.00285077005224942,0.0205788493540662,0.0763202805265735,2.74694629798171,0.19114763269442,-0.195439872162164,0.93766727870378,-1.39372160183823,0.936280746186169,-0.691993237147103,0.897506850982445,0.465791586834215,0.924791275828962
"gene-DRD5|DRD5","DRD5",-3.883254701763,0.00287861491464554,0.020719332932158,0.0511555760346993,1.1350617112078,0.452744502146008,1.02845885664431,0.466961521772801,-0.276430393771277,0.993088217117691,-2.10355491241714,0.443924518437555,-0.21646473833631,0.948095901766911
"gene-LOC140684798|LOC140684798","LOC140684798",-3.38940241961173,0.00288956186493728,0.0207691453134716,0.0518162676833241,2.46871588751721,0.152258434803189,-0.0808180854251912,0.973136783886866,0.0142698234549719,0.998396496607865,-1.74495667828416,0.588124470385661,0.657210947262837,0.855953647045766
"gene-PRKCG|PRKCG","PRKCG",-3.47451433130155,0.00290367049339297,0.0208415124699704,0.0550511787018233,1.30573396887747,0.481168201953906,0.385522406264837,0.858600476898907,0.275645674555405,0.995060427896184,-2.78358745836828,0.419805545296883,-0.81668540867057,0.825781618636795
"gene-HSPG2|HSPG2","HSPG2",0.486791893949706,0.0029150605407304,0.0208941926205665,0.0582882138201744,0.458971086269238,0.614446190813101,0.36358796072156,0.68884143590927,-0.836648737438248,0.873672949918052,-0.591115082250042,0.778271868207197,-0.605204772697492,0.685135643599402
"gene-RUFY4|RUFY4","RUFY4",-0.952343489522417,0.00301400881398605,0.0214247985284493,0.0512448975860653,-0.591521659618117,0.545311900822267,1.62161751616681,0.0346702725839784,-0.75086131135059,0.874879344600726,-1.01494067957801,0.566326981432302,-0.735706134379905,0.617837073670496
"gene-SLC8A1|SLC8A1","SLC8A1",1.01103610632569,0.00302739595186301,0.0214804916804585,0.0678208243524693,0.396467011389997,0.720371518887187,1.15484193107379,0.146808112024074,-0.796169494384289,0.881351538865029,-0.987946293025649,0.600224834907591,-0.232806844946156,0.912887783271428
"gene-LOC140681183|LOC140681183","LOC140681183",-2.46175876201298,0.00321377260046241,0.022463022128345,0.061948155524214,2.42966118010328,0.249876306001773,1.13567158305412,0.501131225708234,-2.83823727855171,0.754282881390273,2.51041252499575,0.506250305332236,3.23750800960144,0.269870262967548
"gene-NR1D1|NR1D1","NR1D1",-2.92093340277625,0.00321596248773407,0.0224681803601286,0.0600344391052409,2.51254094321209,0.1199140731911,0.283280322181036,0.878017519969443,0.388308331731136,0.986454525919479,-1.01513321428923,0.720697832071478,2.16899638283504,0.348577020557118
"gene-ARSK|ARSK","ARSK",-0.0615898115674647,0.00335001822411841,0.0230983504870709,0.0717844484828519,1.20937332855411,0.154712868768883,0.185844768406761,0.845817444796492,-0.542880098858115,0.930799851867101,-0.390102257393666,0.840205303194287,0.462235740709085,0.769234547387043
"gene-MEI4|MEI4","MEI4",-4.9614816968377,0.00335479350224552,0.0231043299720736,0.0522644104248255,-0.269072611969567,0.901848652467,2.48508919444209,0.0736409456334308,-0.79960837069136,0.952832963583212,-2.44796944345273,0.430133153275314,-1.03156123167157,0.716937152904867
"gene-LOC115496629|LOC115496629","LOC115496629",-2.38899651663557,0.00351625518389798,0.0238240144355609,0.0884948184773372,0.921605454240176,0.498415930272515,1.00080991790918,0.368484844050255,-1.12517703404808,0.881351538865029,-0.987896097185275,0.72926857220604,-0.190657759083996,0.948556745113765
"gene-IQCA1|IQCA1","IQCA1",-1.85863274659686,0.0035435888909183,0.0239149751796602,0.118031620797648,2.42634778447059,0.365557620006745,1.67314776856343,0.365373333516131,-0.239878385297832,0.996216994695931,-0.847703314068211,0.833342812862774,3.01191385366797,0.417503388533172
"gene-LOC140685157|LOC140685157","LOC140685157",-2.38032561482661,0.00355887851743578,0.0239634888068308,0.109835639161222,-0.0934309641432973,0.965223569281784,0.975826682087006,0.552164716224803,-0.936283095144534,0.948841298860639,-2.0326473518855,0.583725560984629,-2.08653472908632,0.442056439301752
"gene-LOC140685060|LOC140685060","LOC140685060",0.0846294698604944,0.00357721104568238,0.0240522048037734,0.0995937018412905,1.28245385745988,0.273158063434214,0.232955287685644,0.849716462046248,-1.09953181272712,0.855745624766289,-0.266196097370764,0.929094185465327,0.149681235047633,0.957696043345904
"gene-DOCK5|DOCK5","DOCK5",0.706968729711213,0.0036624417733474,0.0244177304264064,0.0599700541562739,-0.0982244778597275,0.919589062858109,1.15011813473199,0.0710437352536386,-0.976121367453792,0.754927305105386,-0.606261073215326,0.720625230389454,-0.53048878379686,0.676700874233327
"gene-LOC100228496|LOC100228496","LOC100228496",-0.751677139131008,0.00388472175783316,0.0254729106790119,0.140421585895827,2.71068171976693,0.234882127570961,-0.809899697992029,0.668490889737274,-1.08123499548996,0.957917796648698,-0.409663027923497,0.950936416574454,0.409883998361444,0.940925715913915
"gene-LOC140684766|LOC140684766","LOC140684766",-0.184163352031153,0.00390662241258683,0.0255602700100948,0.0569830230033507,0.421310908050563,0.529780340446282,0.884671183492304,0.0766024882700162,-0.817680890217297,0.754282881390273,0.000958300864066008,0.999771646205742,0.489259502189635,0.614795870943625
"gene-SLC12A5|SLC12A5","SLC12A5",1.20640465767081,0.00392669225108342,0.0256394778841839,0.0586290373457153,0.602522467029678,0.587018300217446,1.37347444369138,0.0794449551515023,-0.835584424363549,0.876478400600494,-0.116473996548701,0.962965820876422,1.0239384898088,0.478643004949014
"gene-LOC140680771|LOC140680771","LOC140680771",-1.32668260741105,0.00396402574080325,0.0258178865062838,0.097597497131569,1.3226195550422,0.337088114315587,0.226035748517164,0.883540461882753,-0.670861753104549,0.952832963583212,-1.07316968326158,0.718304403754293,-0.195376132806758,0.95271068585629
"gene-LOC100229057|LOC100229057","LOC100229057",1.27552112560966,0.00397602311861647,0.0258634979821473,0.0568868295633445,0.931089852685147,0.151981594380409,0.148898864118187,0.850361225723646,-0.354456434840926,0.952832963583212,-0.419186930077131,0.768351637227724,0.306345351885276,0.808929288791002
"gene-MLPH|MLPH","MLPH",-1.7882101353132,0.00400138662446791,0.025947444534244,0.109116563445376,0.987269217602091,0.544536088598592,0.466103867911477,0.761836103615512,-1.37660337544558,0.881351538865029,-0.793806452465663,0.841037438233087,-0.717036742397673,0.825781618636795
"gene-TCF7L1|TCF7L1","TCF7L1",-4.75619268469915,0.00405360323549177,0.0261665759282539,0.0621677656118979,0.743754062611405,0.682914451497121,1.89891835779234,0.164301140714457,-0.663675082041638,0.960922815213,-2.09753927164032,0.490761493734967,-0.118541933278212,0.976774772139403
"gene-DPYD|DPYD","DPYD",-3.95698654511499,0.00406262143830417,0.026206363800649,0.0646218865974578,-0.193753148348136,0.921195104052724,2.46716167426475,0.0410514819151339,-1.80407725661197,0.766773950388187,-1.11329940612536,0.739128502798968,-0.643968136820726,0.8266378635884
"gene-LOC121470958|LOC121470958","LOC121470958",-2.55566711770781,0.00408079754316813,0.026272582803595,0.052337894788839,-0.400649698147702,0.813603908638291,0.11177841216533,0.959628216502436,-1.38259276105877,0.889757411000728,-0.736668450028306,0.862031168713077,-2.40813249706945,0.297748714111306
"gene-TASL|TASL","TASL",-1.30438062117903,0.00409398674257393,0.026320916012186,0.0992936802581704,-0.770054913253723,0.470183457937421,0.973650175460544,0.360821218311832,-0.971608255610229,0.8837494233413,-1.13988528432767,0.682921784498285,-1.90789827773108,0.279205221587326
"gene-HDAC6|HDAC6","HDAC6",3.91727305113295,0.00411800540230527,0.0264099516310542,0.050125938559356,1.83628337203693,0.08133857227868,-0.507344589183729,0.645649251613407,-0.762582010280284,0.923257285172901,0.39142431597415,0.876460493691849,0.957781088547069,0.54667119196246
"gene-LOC121468673|LOC121468673","LOC121468673",-0.902857749070458,0.00419403325667168,0.0267137307657728,0.0619922936970925,0.332787420999872,0.795042740534537,1.43631995824317,0.0643214779484955,-0.603106934754501,0.912734349596272,-0.363018957051686,0.856742366086745,0.802981487436857,0.60613755877864
"gene-DMRT1|DMRT1","DMRT1",-2.93091411420921,0.00423134488722112,0.0268911959465079,0.0753011442059678,0.672610680434567,0.705797105664414,2.07124476241961,0.0731654943219729,-0.984212576155314,0.903117006410467,-0.917740052729816,0.766822746198331,0.84190281396905,0.75161305789814
"gene-PTCH2|PTCH2","PTCH2",-0.463745939564929,0.00427502113620791,0.0271242115960711,0.0947301833798155,1.75062628699829,0.0787397471684519,-0.209948047687649,0.83207563444772,-0.170777149188083,0.993088217117691,0.239451639725863,0.898878481122322,1.60935272984843,0.25460894955555
"gene-FGD2|FGD2","FGD2",-2.58073691668841,0.00432704433903305,0.0273272880343091,0.0951145436768712,1.28110253619192,0.322020020212603,0.985014954914878,0.365148366269727,-1.09473489956486,0.881351538865029,-0.658459965449485,0.822963246585187,0.512922626092449,0.845404969945772
"gene-LOC115496022|LOC115496022","LOC115496022",-2.35555402012673,0.00436914244352749,0.0274959248936917,0.0741340333883751,3.05038708790116,0.0794349923455274,-0.452947311686384,0.80070610771187,0.0659068638889919,0.997113659409821,0.551655539532846,0.860182380343255,3.21500217963661,0.215581225206686
"gene-LRRC70|LRRC70","LRRC70",-0.258675768795386,0.00440031372205894,0.0276217860306066,0.0536369922192771,0.855025751167416,0.117893361987271,-0.0976047295946555,0.888790705745453,-0.335560428143592,0.948356029369947,-0.126154586962014,0.928496718506796,0.295706006467155,0.764940930662373
"gene-PROM2|PROM2","PROM2",-2.47064606245449,0.00443189568597903,0.0277553969002531,0.107925610600902,2.01999285684587,0.215247758040477,0.917768636702464,0.507563993814994,-1.76726343923597,0.817507101881208,0.118928081131624,0.982022227789632,1.28942613544399,0.62847087136665
"gene-BSX|BSX","BSX",-5.5457068020971,0.00452468791861799,0.0280977309553023,0.0656048925534538,0.574264403912447,0.76541777771526,2.31912570452754,0.0825723333955928,-1.99208856152337,0.761858371312113,-1.03639762520184,0.773585954045856,-0.135096078285225,0.971535871401242
"gene-ZNF423|ZNF423","ZNF423",1.64327565320108,0.00456403532753486,0.0282400826443831,0.0502651940110594,0.148853375466734,0.864853145591207,0.267481012386535,0.752850124485443,-0.762133196877475,0.864900131574504,-0.438672744716838,0.807545903648549,-0.784471553741044,0.47179347897234
"gene-DHCR7|DHCR7","DHCR7",-0.561948686803324,0.00459417068757197,0.0283931469360394,0.0920913161076822,0.657208809182244,0.482821376963747,0.688747897346089,0.369776111043903,-0.355856870184096,0.960922815213,-1.00005649756467,0.526952336067597,-0.00995666122043781,0.997441563681206
"gene-MGST3|MGST3","MGST3",-0.21935246116058,0.00462468343040967,0.0285378278384968,0.0580010582181338,0.376776355759246,0.505995700358665,0.719249634209682,0.102705079988851,-0.399483139818991,0.888857467920483,-0.288561133304791,0.796159598645249,0.407981716845147,0.623458702484021
"gene-LOC140681887|LOC140681887","LOC140681887",0.626173563803309,0.00466055300381581,0.0287224443385303,0.0522526442923427,0.55953585139864,0.49532266559373,-0.14750047970083,0.889566308161529,-0.445431512724975,0.952863058276477,-0.541075249126307,0.793004743612024,-0.574471390153472,0.685135643599402
"gene-LOC115494484|LOC115494484","LOC115494484",-1.9894368775875,0.00467336089519505,0.0287546278795408,0.0872986698650742,1.11137581143509,0.297941389328047,0.934905584966428,0.287026481496757,-0.64426434273431,0.923257285172901,-0.630144455786449,0.768786870830202,0.771872597880757,0.655882076602412
"gene-CSPG4|CSPG4","CSPG4",-3.84812005489544,0.0046713046904377,0.0287546278795408,0.0724391795732389,1.35246537142533,0.477799717637968,1.71993023651623,0.25530397014797,-0.198850476279157,0.996216994695931,-2.02408020432426,0.506250305332236,0.849464927338137,0.801277202624012
"gene-IGSF3|IGSF3","IGSF3",-2.34242661739794,0.00471141413972742,0.0288863446165934,0.127520558530788,0.177382413064882,0.936266881244678,1.5291706709709,0.27460141623599,-0.741389869725736,0.952832963583212,-2.17671997812109,0.506250305332236,-1.21155676381104,0.681935765396127
"gene-EHD2|EHD2","EHD2",0.0317209364948989,0.00473982727029118,0.0289997099382657,0.0945204607668132,1.56579413071416,0.128977988668206,0.0160736151879169,0.989065758909123,-1.00249576332007,0.866656529863197,0.341339313273737,0.893035288813085,0.920711295855745,0.565093860530577
"gene-LYVE1|LYVE1","LYVE1",-3.54906236688047,0.00487224350866193,0.0296370122635122,0.078309597590867,1.20280062290191,0.472928732811025,1.23285207134871,0.381529947213378,-2.35250789015477,0.754282881390273,-0.119298369550385,0.98311721709948,-0.03615356545453,0.993425948313189
"gene-SGPP1|SGPP1","SGPP1",-2.12916843780845,0.00488763891778794,0.0296728961368256,0.097901668734465,-0.423589257748165,0.804461965311926,0.945221254208032,0.522964993048971,-0.550271332197719,0.966145253624234,-2.08344435269157,0.506250305332236,-2.11208368842942,0.351302026148871
"gene-LOC100222168|LOC100222168","LOC100222168",0.9778133735854,0.00492541444776767,0.0298450120112044,0.0661702136526077,0.384657206339782,0.58523770468135,0.825768133713196,0.139397247483221,-0.801483013595197,0.772078722784668,-0.370520415552536,0.811051260127807,0.038421910905245,0.982492290171152
"gene-LRFN1|LRFN1","LRFN1",-1.60613266634285,0.00492563235390087,0.0298450120112044,0.104978628275472,2.57238793025534,0.112207341827519,0.0117803653953186,0.994621973367916,0.078825437631014,0.996216994695931,-0.555239171252952,0.846112995495386,2.10775456202872,0.359761624399741
"gene-LRRIQ1|LRRIQ1","LRRIQ1",-0.123625066662707,0.00494896556074169,0.0299629272505781,0.0533661813111269,0.557196161376375,0.325261905238881,-0.00915028243973204,0.991031334134356,-0.401746315085066,0.9391839464663,-0.328752333695058,0.813160228362297,-0.18245276984348,0.883143003621223
"gene-LOC140680432|LOC140680432","LOC140680432",-3.12357321685168,0.00504095293867524,0.030332223907941,0.0718862465288122,1.41555033461993,0.219595146582577,0.514608444323693,0.677100161297575,-0.631342032607178,0.952832963583212,-0.922842466820538,0.707470887748067,0.375974279515911,0.88103247340076
"gene-C1QA|C1QA","C1QA",0.84531139317144,0.00504132341784971,0.030332223907941,0.0820638702470764,0.514583854915114,0.726349946506734,1.74317180849907,0.0670476287796119,-1.03390939523119,0.864900131574504,-0.61814220502669,0.812428100038682,0.6057040631563,0.788324091190571
"gene-TGFBR3|TGFBR3","TGFBR3",-2.54779016894184,0.00516383713934001,0.0307939806286269,0.0990558307461311,0.82626639837189,0.671482891572175,0.71214564756735,0.693370688691127,-0.309452007113596,0.993431003477911,-2.3722459827089,0.488146439329733,-1.14328594388325,0.721084727099046
"gene-GCK|GCK","GCK",-2.70471376664397,0.00517282630843016,0.0308357038224024,0.0889012633373559,0.85968595628413,0.590077284399784,0.782906183887962,0.592295080319908,-0.381144438396839,0.986454525919479,-1.93910088263172,0.506250305332236,-0.677653180856463,0.820338198459939
"gene-ZP1|ZP1","ZP1",0.26362967321567,0.00520005064680728,0.030950301445901,0.0644865533162729,1.57338622233844,0.0676928889901137,-0.866285972539362,0.250987795451545,-0.166418512919851,0.994038549224301,0.609391752678486,0.72719651961713,1.15007348955772,0.34078896194886
"gene-ACTL6B|ACTL6B","ACTL6B",-0.99717642889919,0.00539933427021957,0.0317095627444584,0.151755176930655,1.44016082082468,0.334092021594318,0.846789192521926,0.46970025891111,-0.72045041492962,0.947532400895515,-0.952393017683453,0.740330532294743,0.614106580733536,0.838757629250844
"gene-MCM2|MCM2","MCM2",1.28143679846065,0.00549197181272291,0.0321103950149526,0.0556181286917327,0.811728438901937,0.206940315868175,-0.0404548256258084,0.967204233443059,-0.558377817770505,0.889757411000728,-0.168784006507798,0.919774090613751,0.0441117889978262,0.980740245803134
"gene-LOC100228762|LOC100228762","LOC100228762",-4.12019656896772,0.0055065083188568,0.0321680695486255,0.097597497131569,1.74177880225058,0.352989092182073,1.81616573994875,0.212302213751271,-2.14431230961611,0.766845331767443,-0.146532857945311,0.979402339512634,1.26709937463791,0.677525974466842
"gene-WDR86|WDR86","WDR86",-2.57203940619719,0.00551972464527986,0.0321966599644575,0.111172377600518,0.892022018035269,0.582416636779855,0.803457917266849,0.575061938260967,-1.08795950882684,0.908160409292309,-1.27203423674836,0.70861468890786,-0.66451381027308,0.833641149974851
"gene-SH3BP2|SH3BP2","SH3BP2",0.415198223001793,0.00551851857000747,0.0321966599644575,0.062750233767134,0.404190580893145,0.534814604044145,0.410925012936306,0.507972363925467,-0.9039980767253,0.754282881390273,-0.11510974897613,0.947381517157532,-0.203992231871978,0.87855278463528
"gene-NEFM|NEFM","NEFM",2.34196948884394,0.00557961979875446,0.0324481835346581,0.0897202534959855,2.04192744772633,0.128416586878434,-0.298897723524596,0.841125037158611,-0.591244879580876,0.960922815213,-0.328493752354615,0.916310935216747,0.823291092266242,0.722911140594116
"gene-CD93|CD93","CD93",4.60703322072926,0.00561247482861574,0.0325292314504976,0.0868689227798732,1.98281650232925,0.413125638294537,2.29219929401622,0.22924137982732,-0.784309885607047,0.966145253624234,-2.32484434154195,0.561180605466362,1.16586156919647,0.791353884446886
"gene-LOC115493094|LOC115493094","LOC115493094",-0.174245207585973,0.00562406163642241,0.0325719887064509,0.0773971359675805,0.347900763579981,0.824102374436837,1.63576807232865,0.0701476778236562,-0.705737243705883,0.912734349596272,-0.274645016645805,0.91208928217001,1.00328657555694,0.576420817352072
"gene-LOC100219991|LOC100219991","LOC100219991",-0.37814016948517,0.0056353762960081,0.0326131070234575,0.0962325470369303,1.61125883127761,0.104549618939783,-0.148181182322053,0.890449422071807,-0.932178267816527,0.864900131574504,0.681223960890965,0.726344480126353,1.21212334203,0.388440870872885
"gene-FBLN5|FBLN5","FBLN5",-4.0688969859067,0.00565575483079309,0.0326971706322571,0.0558208440705502,0.775024881078998,0.659600440772445,0.859093649118727,0.606021838613622,-2.75666431154345,0.692004309808231,0.314051695724956,0.949150936056824,-0.80849408562077,0.791473256242954
"gene-CIMIP1|CIMIP1","CIMIP1",-1.769612751755,0.00565862485434761,0.032698737722565,0.0936672600404604,1.84409788823953,0.154762639316051,0.173907942143033,0.909832568261938,0.312258057486643,0.986454525919479,-1.08601718012407,0.626076973416613,1.24424670774513,0.531763066464522
"gene-CDCP2|CDCP2","CDCP2",-0.62004287747876,0.00566125665720711,0.0327017345167152,0.104119934970582,1.57398813440902,0.107401967380469,-0.272686362632368,0.782610670877696,-0.490644607295735,0.952832963583212,0.0717341245035604,0.980925593344444,0.882391288984477,0.548380211072471
"gene-BAIAP2|BAIAP2","BAIAP2",1.27831642527962,0.00569872415095314,0.0328568391341281,0.0622402707157441,0.184623828432572,0.775506392930638,0.69932263592784,0.15610023013014,-0.581687319374782,0.849537182969763,-0.520731478585442,0.647548997393974,-0.218472333599812,0.84374956985842
"gene-LOC100229852|LOC100229852","LOC100229852",-3.86800486535357,0.00574755910619434,0.0330591958670478,0.101053125902786,1.77918261695666,0.368874262486732,1.05872663828851,0.563120539936199,-1.99886642250204,0.849537182969763,-0.771109540383574,0.876494589080134,0.0679332923595535,0.988045591662911
"gene-RARRES1|RARRES1","RARRES1",0.96244622088596,0.0057823768464135,0.0331784507594545,0.0550274701965947,0.877547026011603,0.327860392629978,0.39450642097747,0.675633674041486,-1.51969576925215,0.700455440240344,0.379994690868558,0.876984742205887,0.132352368605476,0.948095901766911
"gene-LEPR|LEPR","LEPR",-1.83413781429317,0.00582558637712304,0.0333645259755659,0.0661702136526077,1.83469787099032,0.134715217291932,0.0724589978378578,0.963904183903904,-0.891836967776105,0.910958816107154,1.32875211966259,0.51500935027891,2.34407202071467,0.209105971267881
"gene-LOC140683599|LOC140683599","LOC140683599",0.839814101231008,0.00583256956222447,0.0333798128607336,0.0538304384227462,0.923905305427212,0.170595627119372,-0.113007262152224,0.897301441612156,-0.81419772516937,0.830126865601865,0.26568859372628,0.880399287067011,0.262388911831898,0.851534908978382
"gene-XRCC3|XRCC3","XRCC3",0.232768454156289,0.00586981649962785,0.0335309746518054,0.0880805472466078,1.15838493859035,0.177168226828862,-0.110134659712636,0.919472977741223,-0.55002786163974,0.942022518769759,-0.219709466773504,0.917458815926155,0.278512950464472,0.881866598915096
"gene-LOC140680282|LOC140680282","LOC140680282",-3.360402769284,0.00586464694397385,0.0335309746518054,0.0944689836372881,2.79857841335327,0.104060677307127,0.191195375306124,0.926714687288001,-1.35404560523313,0.8837494233413,0.514235348093417,0.89592876095604,2.14996353151968,0.38401171175784
"gene-CNN1|CNN1","CNN1",-1.613420809089,0.00589027859201146,0.0336274957204056,0.0999137924535262,0.820583221779445,0.637925172435661,1.65112840476303,0.156994730372424,-0.358551620592053,0.97955840315623,-1.10047551973122,0.674313939354504,1.0126844862192,0.687883739484223
"gene-CRLF1|CRLF1","CRLF1",-2.38586993117077,0.00599371818954189,0.0340627208898864,0.0802748994135532,0.449036117000446,0.749732860824406,0.384000249061376,0.788401474646453,-0.342605627249178,0.985541190568865,-1.57595200710043,0.510251664581804,-1.08552126828779,0.582420267064176
"gene-PROSER1|PROSER1","PROSER1",1.20264234736385,0.00608907619520601,0.0344411354614998,0.050728219732589,-0.204712128667351,0.778960055311049,0.291681495182501,0.694259626527113,0.833101364171531,0.754927305105386,-1.1792206794535,0.248746761837842,-0.259149948766817,0.825238463907481
"gene-NCF1|NCF1","NCF1",1.85921016197452,0.00611941349972417,0.0345612860978947,0.0548497860299369,0.23195926001064,0.682272357286705,0.787899040135089,0.0704620475449968,-0.505575832618073,0.85977132212314,-0.375735754092382,0.726344480126353,0.138546713435273,0.895411359451627
"gene-LOC116806751|LOC116806751","LOC116806751",-0.0507031077784092,0.00623378158839909,0.035002364074414,0.0612833312442807,-0.0348256746395988,0.968325685096509,1.15363556990618,0.03438946859002,-0.787115848444748,0.766845331767443,-0.270589028027915,0.858248945513936,0.061105018793918,0.967548713091754
"gene-ACHE|ACHE","ACHE",0.129058959533295,0.00626128670383602,0.0350681910032075,0.196372960929852,2.72458837265589,0.14968187140471,0.12642370010674,0.942266426074133,-0.469607812967873,0.974362849580496,0.225974450751965,0.946520900710127,2.60737871054672,0.33285479333396
"gene-WRNIP1|WRNIP1","WRNIP1",-0.526609772611592,0.00629944735614634,0.0352436543153885,0.0603557810128664,0.0081840426278037,0.990761433882895,0.0861619151369198,0.909832568261938,0.055314832628081,0.996216994695931,-0.865139058557208,0.428080200773895,-0.715478268164404,0.37667548582015
"gene-LANCL2|LANCL2","LANCL2",1.92794333827072,0.00634578421889199,0.0354463787478834,0.0597691974004024,-0.249863632724993,0.838483187656506,1.63472856144757,0.0487956529091802,-0.512540321951735,0.951483687664836,-1.16938871611721,0.51500935027891,-0.297064109346362,0.883143003621223
"gene-CSRNP2|CSRNP2","CSRNP2",2.87439808643808,0.00634713508952406,0.0354463787478834,0.0534724574386234,0.561958581233968,0.377127389082923,0.0457117329754091,0.961849319285596,0.069423171581616,0.996216994695931,-0.899798848302704,0.46435546125644,-0.222705362511711,0.867914573772894
"gene-LITAF|LITAF","LITAF",3.01701896288255,0.00636128069417057,0.0354974233528755,0.0521748967123398,-0.172092130689382,0.72323213376907,0.687577858357549,0.0777140244057939,-0.545112759645673,0.808967622900506,-0.423900844323606,0.633116711617902,-0.453527876301112,0.473776997851469
"gene-RDH8|RDH8","RDH8",-0.829911723745607,0.00636612000507987,0.0354974233528755,0.158371272812148,2.09035574901554,0.149007846978449,0.202704120596429,0.886946843923635,-1.03351598037451,0.889757411000728,0.20081961488248,0.956947384155119,1.46036350411994,0.49874948411186
"gene-LOC121469792|LOC121469792","LOC121469792",-4.16923842821451,0.00646766833390343,0.0359154649695835,0.051916474083325,-0.679291683993365,0.757899002145459,3.26268940450475,0.0268902087895261,-2.69526279071722,0.693864180711616,0.508327272298794,0.91208928217001,0.396462202092959,0.916250888443083
"gene-SLIT1|SLIT1","SLIT1",-3.06975814006441,0.00647073149556373,0.0359162732761294,0.0869126570898189,2.73368814626493,0.172432118866015,0.112344472669234,0.966875234597289,1.02446432791481,0.947532400895515,-1.53482458489777,0.626076973416613,2.3356723619512,0.42962721788696
"gene-POP7|POP7","POP7",-2.07913371326214,0.00658184798271731,0.0363245711599681,0.101840581998687,-0.436926811176505,0.779189815211634,1.44130746591945,0.212744711954769,-0.268819227884962,0.993088217117691,-2.10639998192145,0.422847333797495,-1.37083855506347,0.502535064209289
"gene-DBNDD2|DBNDD2","DBNDD2",0.941720713295283,0.00669883477192375,0.036721384376734,0.109337433480401,1.57124347206084,0.111553064128634,0.180585297490739,0.866719752602599,-0.668013059117875,0.906029619853618,0.382781984658556,0.846112995495386,1.46659769509226,0.293209638675892
"gene-OAT|OAT","OAT",2.1314036781242,0.00670633838688144,0.0367364908095541,0.0556271816678155,-0.124998898144577,0.795848712954095,0.404917619315419,0.318631327865763,-0.304813699329194,0.917252574797168,-0.5381876438056,0.506250305332236,-0.563082621963953,0.344138394946936
"gene-TNR|TNR","TNR",-3.66102991236229,0.00675988192664984,0.0369452526709401,0.0772084619886687,-0.196619813303695,0.92160275743298,0.492338652628648,0.806305989361506,-0.496739653616354,0.984254516298581,-2.11810315981245,0.518488318869596,-2.31912397410385,0.345862749681751
"gene-PYROXD2|PYROXD2","PYROXD2",-0.370229499012678,0.00678008144380577,0.0370224983567023,0.102076397333132,1.57579742532109,0.209857398162446,-0.188331283353606,0.897410021988875,-0.732704323771919,0.948841298860639,-0.396907408340237,0.905996722248467,0.257854409855323,0.932083899530944
"gene-LOC100190135|LOC100190135","LOC100190135",0.456433232385678,0.00684953749176088,0.0373013692667329,0.121671311721834,0.484782361762144,0.78417511369853,1.9063710153139,0.0670476287796119,-1.25990129499424,0.848973349009217,-0.550404373920994,0.856812753927728,0.580847708160807,0.835884196249718
"gene-EFHD1|EFHD1","EFHD1",-1.01560663880323,0.00686035943836738,0.0373160148712602,0.126412996109937,-0.255381782550132,0.883379791572334,1.42269533884739,0.213789974271026,-0.338950274271134,0.980825505488081,-1.95763409911139,0.449342757214557,-1.12927081708526,0.617394596794601
"gene-TBX22|TBX22","TBX22",-5.4433948819087,0.00691987339587662,0.0375605193971205,0.0788397948391886,1.90168266749026,0.273540716499858,0.81579550271057,0.664545588024295,-1.41046683714711,0.889757411000728,-1.07177921331387,0.795150738389105,0.235232119739851,0.952808850590559
"gene-LOC100218931|LOC100218931","LOC100218931",-3.8783005709649,0.0069403917506025,0.0376059391948788,0.0805411759201403,3.68098140407305,0.0652722235633997,-1.05523971663286,0.580064089174933,-0.158532399410739,0.996216994695931,0.984081348229481,0.797192331645215,3.45129063625894,0.230477250130079
"gene-CARNS1|CARNS1","CARNS1",1.21087633935871,0.00696862552666082,0.0377061118968798,0.149559409824123,1.93291753098401,0.340989587034981,0.434172015680036,0.814703463782766,1.06669994153896,0.899216525147171,-1.16831044577746,0.652835899445362,2.26547904242555,0.423359302161374
"gene-LOC100225866|LOC100225866","LOC100225866",1.53485616657914,0.00700480969374075,0.0378317596754842,0.0707205156095222,-0.0884889144063479,0.921697185362118,1.10336477900839,0.0653053028596723,-0.775120167367432,0.821916777871855,-0.637792480267073,0.661302613959155,-0.398036783032462,0.744546544141835
"gene-COQ10B|COQ10B","COQ10B",-1.67320636266,0.00701516870424345,0.0378445881288087,0.0724444516269889,1.13099139203431,0.21041951259233,-0.292546872302453,0.78546146935923,-0.5790200258805,0.948067743005587,-0.199059456663321,0.936962333281589,0.0603650371880335,0.981757918622088
"gene-HMGCS1|HMGCS1","HMGCS1",2.0544734945989,0.00702741776334208,0.0378917386368358,0.0568868295633445,0.354156913924361,0.364222829763062,0.458957266873114,0.202970910431133,-0.320195673697383,0.889757411000728,-0.319620018117966,0.689041865288575,0.173298488982127,0.813393748633814
"gene-LOC140682615|LOC140682615","LOC140682615",-5.35993874975454,0.0070435177968256,0.0379653214579855,0.0750215173357822,1.17500315222279,0.548157032092378,0.524265601770278,0.812458389232999,-0.401034540645242,0.993088217117691,-2.3510221121182,0.506250305332236,-1.05278789877038,0.75142576584086
"gene-LOC100225213|LOC100225213","LOC100225213",-4.10783657992614,0.00704936067595185,0.037983585118508,0.0577642162201819,-1.536369176134,0.365524048706122,0.567011792504904,0.813118303487451,2.47293941652146,0.754282881390273,-2.12187526891248,0.466442258219706,-0.618293236020108,0.84947611032333
"gene-LOC100222320|LOC100222320","LOC100222320",-0.852170144605972,0.00708682092479393,0.0381455839343256,0.0579441514634376,1.48203741828748,0.249278394780083,0.0326435071033282,0.98541446223255,-2.11938370030723,0.754927305105386,1.0226124421971,0.775486630414955,0.417909667280681,0.88375833901653
"gene-LOC115494107|LOC115494107","LOC115494107",-1.35533723231927,0.00713686531724326,0.0383216484331504,0.0855536468063685,1.01246140317619,0.453698073032675,0.567622386212286,0.658717498904314,0.753140150428114,0.914242243438978,-0.866226875918252,0.658472131322536,1.46699706389834,0.421151827472717
"gene-NR4A2|NR4A2","NR4A2",3.0783987936419,0.00716077320263887,0.0384233582908587,0.0525840548538856,0.826272137480607,0.168101778886931,-0.357406120477426,0.60168461684385,-0.0617268127740389,0.996216994695931,-0.345002458622027,0.812428100038682,0.0621367456071145,0.965821972023386
"gene-EBI3|EBI3","EBI3",-3.05488533897449,0.00718576454130585,0.0385307367556161,0.106408052824489,1.98030295646651,0.195215100071945,1.03853544707567,0.43549192841138,-1.12551054722838,0.889757411000728,0.12375833124525,0.977740147821682,2.01708618755905,0.362822447518378
"gene-LOC140683799|LOC140683799","LOC140683799",-4.96990641429035,0.00720503640063757,0.0386073193559094,0.0543137829049589,-1.41933815197671,0.407614707105971,3.29172162667394,0.0258214669579914,-1.70881773815138,0.849252061439184,-1.21364688410894,0.745456388312803,-1.05008114756308,0.709437348617149
"gene-TUBAL3|TUBAL3","TUBAL3",-3.7329958231623,0.00721704399619744,0.0386582747806007,0.0852407990248696,-0.835175558273424,0.717596279144111,0.544793843423803,0.846778984701112,2.71019498663968,0.754282881390273,-2.81050794204076,0.393474471779982,-0.390694670250697,0.926994477157178
"gene-LOC115494917|LOC115494917","LOC115494917",-1.37143023099446,0.00722344300149068,0.0386791627847987,0.0707651813555103,-1.21669952498731,0.20764124315563,0.405034209078195,0.776956312071083,-0.480594723558519,0.966145253624234,-1.11299833054281,0.697744628045708,-2.40525837001044,0.20699669675895
"gene-LOC115496397|LOC115496397","LOC115496397",1.11180012473568,0.00724974127663464,0.0387663255894682,0.062080296933238,0.340173571548812,0.652567724000112,-0.0763359619488042,0.938862250171926,-0.311393665113126,0.960922815213,-0.596285422501843,0.711846997737421,-0.643841478014961,0.569204727372848
"gene-ACOD1|ACOD1","ACOD1",1.23497702079019,0.00728012907090764,0.0388616755337343,0.111995050933008,0.676689144623141,0.574322751982114,0.870391272122396,0.383368092050409,-1.0845325306739,0.855745624766289,-0.752289288645895,0.77948510656271,-0.28974140257426,0.911108512074728
"gene-PKDREJ|PKDREJ","PKDREJ",-3.01210066350943,0.00730536411683244,0.0389829343820628,0.110959797810683,1.94889059456603,0.306730911965999,0.298575995229573,0.893648805513269,-1.11272300506772,0.948067743005587,-1.16998190948751,0.795150738389105,-0.0352383247596375,0.995816734665643
"gene-GAL3ST4|GAL3ST4","GAL3ST4",-2.49559953753087,0.0073119385046575,0.0390045668250861,0.102313278145468,2.08622641968916,0.190168908487843,0.409381196676279,0.812458389232999,-0.110949119777075,0.996216994695931,-1.34488030179228,0.641613927402497,1.03977819479609,0.709437348617149
"gene-TTLL5|TTLL5","TTLL5",1.67349916836632,0.00737442026038389,0.0392431752164514,0.0577201826273008,0.404814834294188,0.421586824837547,0.140502890617936,0.822577597371136,-0.506008098945157,0.881351538865029,-0.239575079662988,0.847797252125495,-0.200265453696022,0.843451572008344
"gene-C9H2orf72|C9H2orf72","C9H2orf72",-1.28185852444054,0.00738111183507728,0.039258257363343,0.0867417520313303,1.96979377485119,0.0656282244225828,-0.861127282814512,0.365373333516131,0.00515621934248389,0.998693845757593,0.500128712471819,0.811052797428236,1.61395142385098,0.27967379499749
"gene-LOC101234096|LOC101234096","LOC101234096",-1.38252295441892,0.00743829599423877,0.0394339261770624,0.0978875564249573,0.0122504510502586,0.994236241107689,1.77748301156582,0.04840747337042,-0.941172541884006,0.881351538865029,-0.660729006058777,0.796056098523931,0.187831914673299,0.940925715913915
"gene-LOC100220740|LOC100220740","LOC100220740",1.97015074840545,0.00744427223480491,0.0394520934361665,0.0992936802581704,-0.0928519399886705,0.943715787397512,0.267291669268895,0.838644845364513,-0.365210112654398,0.977678253561523,-1.28953861684407,0.582624095611667,-1.48030900021824,0.370879235943889
"gene-CCDC157|CCDC157","CCDC157",2.00675620315761,0.00755160989145859,0.0398435605422168,0.0514957372186283,0.818654379070554,0.0567731603304872,-0.471827980120896,0.243860926808939,0.044022075471398,0.996216994695931,0.224443805658709,0.81234980989658,0.615292280079766,0.305382756555116
"gene-EOGT|EOGT","EOGT",-0.110031484173564,0.00756053571698109,0.0398634719660247,0.0539361686956507,-0.544020102507017,0.387980319648585,1.15228772816732,0.0378982482904194,-0.398714676012341,0.934572323001647,-0.729491860085273,0.543903491312178,-0.519938910437315,0.593443565443175
"gene-LOC116807760|LOC116807760","LOC116807760",1.41748159197276,0.0076465897591722,0.0402486314704727,0.0556271816678155,0.655800452820379,0.136289971394945,-0.187670353114304,0.724768458735334,-0.100227157370401,0.993088217117691,-0.227348721258816,0.826905121051806,0.140554221076858,0.881670539609718
"gene-TTBK2|TTBK2","TTBK2",-4.79884682197282,0.00766744032683016,0.0402761843373037,0.0911952036938704,0.649535070325615,0.748353276930017,1.69332259153189,0.271632561967506,-2.39770075445325,0.754927305105386,-0.689673830938659,0.877542217273371,-0.744516923534404,0.83268734335416
"gene-LOC100231272|LOC100231272","LOC100231272",0.997490239006547,0.00770567910766464,0.0404071383894028,0.0599991898171795,-0.324447907736327,0.487853819875196,0.767123766285664,0.0609715650975654,-0.353750231396373,0.901801149968792,-0.597142116452743,0.506250305332236,-0.508216489299779,0.445670402386572
"gene-ALDH6A1|ALDH6A1","ALDH6A1",0.228752352494116,0.00771353666212118,0.0404085916879909,0.0536028624048472,-0.689619994030189,0.141293189423622,0.572552964577543,0.244840391595582,-0.545192831793421,0.864900131574504,-0.325802028497425,0.799589839082947,-0.988061889743492,0.221220142233017
"gene-LOC115491353|LOC115491353","LOC115491353",-4.33482077539562,0.00784181163572912,0.0409740433864067,0.0940809597511823,1.82509215285609,0.280445072988641,1.35281528672706,0.366974364269734,-0.613225861163942,0.962001395638823,-1.24175016485388,0.705068095942553,1.32293141356533,0.62488727997043
"gene-TSPEAR|TSPEAR","TSPEAR",-1.09457095920956,0.00792244306875129,0.0412793961242176,0.0807466879032754,0.730087215546274,0.631710096434742,0.962742843726294,0.418787527712295,0.40689184065513,0.965413115169002,-0.554728677750121,0.804328914375209,1.54499322217758,0.408505492613923
"gene-LOC115494036|LOC115494036","LOC115494036",-3.0914860145126,0.00793857594023938,0.0413495330444983,0.0591266843102454,-1.38782545544766,0.370642595880267,2.27556835489161,0.099176589130867,0.298826178909957,0.993088217117691,-1.89399081745316,0.490681331784957,-0.707421739099248,0.797828900014361
"gene-RUBCNL|RUBCNL","RUBCNL",-1.6903826842091,0.00798887203533374,0.0414997632584054,0.112579848653264,-0.737005826499097,0.518281058361286,1.36860756189258,0.164812852763253,-1.16403864207292,0.849537182969763,-0.988406201959407,0.715512308156147,-1.52084310863885,0.370271912105306
"gene-LOC121469838|LOC121469838","LOC121469838",-1.62503241914724,0.00800679817206917,0.0415649787697989,0.162535083909278,0.166908797542808,0.946882106765876,1.99329211887328,0.161150334937176,-0.747530793435564,0.952832963583212,-2.02077015543814,0.537260483037367,-0.608100032457623,0.880967673785269
"gene-SMIM30|SMIM30","SMIM30",0.128188276464382,0.00805246210186541,0.0417136653816841,0.0689320208751194,-0.521342726012808,0.358892994912837,0.733002301205294,0.183350499604997,-0.0682773352021093,0.996216994695931,-1.01347318425263,0.393474471779982,-0.870090944262251,0.323733842596645
"gene-RAI1|RAI1","RAI1",0.129300362496222,0.00806297987557509,0.0417166879219407,0.0645079638442099,-0.628216580983714,0.501683212914484,1.49175584501173,0.0522408828681063,-0.355609800432653,0.960922815213,-1.09697941380211,0.506250305332236,-0.589049950206746,0.686044737067193
"gene-DPEP1|DPEP1","DPEP1",-0.737143506395156,0.00811503373539177,0.0419144739636407,0.153634797339217,1.88355135660624,0.125909912911364,-0.00501091473286214,0.997409241114363,-0.558040047436653,0.952832963583212,-0.0239957710964156,0.99379153451452,1.2965046233403,0.472707001434345
"gene-LOC121468710|LOC121468710","LOC121468710",-0.401668243230355,0.00811745902869345,0.0419144739636407,0.13735973004341,1.60863488829368,0.111553064128634,0.0394247587634906,0.974007403418855,-0.519824509903774,0.948067743005587,0.247646627644169,0.902735382072453,1.37588176479757,0.335421891354247
"gene-LOC140681783|LOC140681783","LOC140681783",0.944948859763447,0.00812890881080096,0.0419456031500983,0.0757293297581358,0.792798698294993,0.144650557659898,0.297059334837164,0.591423991205972,-0.446067334309906,0.886749106476438,0.296441207087397,0.795652348460723,0.940231905909648,0.242671194449173
"gene-CHGA|CHGA","CHGA",-5.34767946289881,0.00814063414753334,0.0419781117737682,0.0729178661344688,1.67017153798668,0.274186614174136,0.416714359765297,0.821175513192,-1.83402822555088,0.826503653217353,-0.123955106147283,0.981115332872648,0.128902566053819,0.972454195378971
"gene-SNRPD2|SNRPD2","SNRPD2",1.70232527431324,0.00816531411506285,0.0420633275401457,0.0654049234131943,0.793484248204214,0.229862934188445,-0.172489534136881,0.84002420550391,-0.126896202204663,0.99480131508622,-0.538568566392071,0.711846997737421,-0.0444700545294006,0.981314812567544
"gene-LOC140683899|LOC140683899","LOC140683899",-4.17757376604499,0.00826936185146006,0.0424157688602401,0.084873203228756,1.91697183806171,0.191854681802838,0.480290917366851,0.769808961520049,-1.79108605803354,0.811100984396611,0.189513856339647,0.965468211381874,0.795690553734661,0.769461496712249
"gene-LOC115498413|LOC115498413","LOC115498413",1.69321378057264,0.00826388251428859,0.0424157688602401,0.0612833312442807,1.09296059695451,0.0783603260594338,-0.624344915168315,0.29164119457296,-0.0308023241880444,0.996436135814346,0.18444877046457,0.899604131090895,0.622262128062721,0.488808569589614
"gene-CCDC78|CCDC78","CCDC78",-0.637082809230223,0.00828034431603245,0.0424580279292917,0.0698639969174142,1.59417368738827,0.117461922119984,-0.302733642531629,0.771518004109756,-1.06287919969373,0.871522199479945,1.46643254224476,0.449342757214557,1.69499338740768,0.25056738717127
"gene-LOC121470298|LOC121470298","LOC121470298",-3.92517091720303,0.00833342484370778,0.0426172337925902,0.0765097192000385,2.35325803233622,0.103828704359744,0.0173404353017004,0.992610478168134,-1.18891729266816,0.888132033045541,1.44676141311288,0.572260331609777,2.62844258808264,0.221220142233017
"gene-AP5S1|AP5S1","AP5S1",0.66384644386355,0.00838813493449109,0.042798017840834,0.0846401112500191,0.784322925335936,0.380350871602535,0.574973505361745,0.478995188607194,0.223324752418073,0.983843625644497,-0.51454400175164,0.739128502798968,1.06807718136411,0.388440870872885
"gene-RNF207|RNF207","RNF207",0.60548901414137,0.00838791502524793,0.042798017840834,0.060375626279839,1.06468168045632,0.0662195281790111,-0.611790002956285,0.253514377664233,0.181093481886751,0.980888376211752,0.432105530273215,0.685432493360692,1.06609068966,0.221220142233017
"gene-LOC140682131|LOC140682131","LOC140682131",-2.94036458501146,0.00838214515230962,0.042798017840834,0.0856196414013099,1.71445487791632,0.128977988668206,0.114718955589548,0.938250338083774,-0.661315274281081,0.948356029369947,-0.34114818002644,0.899604131090895,0.826710379198352,0.655320811196326
"gene-NCF4|NCF4","NCF4",0.274825126723769,0.00844342816349714,0.0429950808917796,0.0647507535279497,-0.328801257913243,0.589336243727575,1.03866621248047,0.0356796021553906,-0.746945427239499,0.754927305105386,-0.351120639467187,0.794773733453717,-0.388201112139455,0.676700874233327
"gene-TARBP2|TARBP2","TARBP2",2.04895553257678,0.0084520596813856,0.0430248761741586,0.0510103009055495,0.308542409232111,0.486385265711806,0.401602134404593,0.332937216532725,-0.0413095984471266,0.996216994695931,-0.0253979543965008,0.984986233946021,0.643436990793077,0.284233534086324
"gene-PSTPIP2|PSTPIP2","PSTPIP2",1.87647107234686,0.00849294457730808,0.0432045750604348,0.050907044679676,-0.169986269881503,0.713451981974769,0.817400833910458,0.0262505177498383,-0.53736417084749,0.758026297171493,-0.185202234207527,0.84511470042993,-0.0751518410260619,0.930818296689152
"gene-INKA2|INKA2","INKA2",-2.01711319573033,0.00851042727604745,0.0432650663918641,0.0848122542000488,-0.353414182214721,0.853554828019566,1.87146902438704,0.136723110697811,0.257556891849088,0.993088217117691,-1.55780123713796,0.511777617136997,0.217810496883441,0.945950497872615
"gene-STX8|STX8","STX8",0.367149784423839,0.00852522691875817,0.0433260711224245,0.0619794529512561,-0.422512873294109,0.368621205350179,0.464892431653281,0.346655030416883,0.220427617672099,0.960922815213,-0.960363553995853,0.264501769733062,-0.697556377964582,0.331728571024574
"gene-PRMT7|PRMT7","PRMT7",1.82800183034785,0.00858582625072459,0.0436047508171829,0.0501974762661704,0.251407691274504,0.520086393822869,-0.162873592927804,0.725513151598521,0.1901506930709,0.960922815213,-0.540428730412077,0.467317523626235,-0.261743938994477,0.673983435627294
"gene-TBX10|TBX10","TBX10",-2.34589948777433,0.00860741801523838,0.0436577495200963,0.140453447980484,2.15471940900541,0.184514391014244,0.808832252189334,0.571782918421496,-1.3232089810829,0.881351538865029,0.166534237740705,0.969899608477614,1.80687691785256,0.450323771755964
"gene-SGIP1|SGIP1","SGIP1",-3.74288772127971,0.00862383809898009,0.0437076584413102,0.09694456783929,1.76802715899781,0.340054739348076,0.549537694619513,0.79191157679905,-0.218003708184447,0.996216994695931,-2.11469630910373,0.534102997980074,-0.0151351636708554,0.998153573293885
"gene-LOC100219158|LOC100219158","LOC100219158",-1.3358168837722,0.00862573110693127,0.0437076584413102,0.0592580341084707,-0.177838146017005,0.836388725629612,-0.164501110857588,0.874108506723391,-0.486102468845319,0.95232310059975,-0.322614207519132,0.879002812832698,-1.15105593323904,0.3109945875236
"gene-LOC140684235|LOC140684235","LOC140684235",-3.10152669802253,0.00871740608695432,0.0439993017598233,0.0747425291006839,1.40259263082275,0.330249223088294,0.256848681359521,0.885036606926633,-2.03069680366548,0.755237273332146,0.413788989147745,0.916800785037143,0.042533497664532,0.990447090362521
"gene-REPS2|REPS2","REPS2",-2.68386419112134,0.00872383179847749,0.0440173775942091,0.0599700541562739,-1.73151643609885,0.220266510565094,2.57403621717607,0.0378982482904194,-0.663599654482625,0.952863058276477,-1.44458095831162,0.617057772381533,-1.26566083171703,0.563562140213376
"gene-SPDYA|SPDYA","SPDYA",-4.95114478029106,0.0087540812029118,0.0440994240620388,0.0557555346931024,0.765991025748598,0.685916673751417,-0.912833574851413,0.662402445315302,-0.402260129318639,0.993088217117691,-1.17648218968375,0.788892915886651,-1.7255848681052,0.531566350375229
"gene-MSS51|MSS51","MSS51",0.139727559133887,0.00875910096985411,0.0441090424694085,0.119929759854681,0.40389459146837,0.834507977046219,0.947848734036966,0.492208969656064,0.957627714266292,0.882115326837798,-1.30525449457311,0.518466687434853,1.00411654519852,0.66564823326544
"gene-LRP5|LRP5","LRP5",-0.406825272350311,0.00877869184092936,0.0441897145002197,0.102397169249953,-0.759849906679973,0.371016713598809,1.16730579974352,0.137051419549542,-0.782887828527977,0.881351538865029,-0.910909219684809,0.634575569582361,-1.28634115514924,0.335421891354247
"gene-DOCK10|DOCK10","DOCK10",3.21683631530651,0.0087808317989128,0.0441897145002197,0.0500981251477301,-0.486503328598566,0.22192003059287,0.682719821454968,0.0802374748781521,-0.0629203983634241,0.996216994695931,-0.654257018926288,0.422847333797495,-0.52096092443331,0.383472371067075
"gene-LOC115497790|LOC115497790","LOC115497790",-3.49889620592771,0.00881108775003031,0.0442987598868483,0.0639585079420323,1.87338250966397,0.0794349923455274,-1.0380456335853,0.313416559689975,0.725747571662356,0.937574918532817,-0.411732494091647,0.857419921621157,1.14935195364938,0.450487912779001
"gene-OCA2|OCA2","OCA2",-2.11673280900006,0.0088174835041933,0.0443165174496237,0.0647713955358923,1.51109051231294,0.315740238620093,0.493645579884857,0.731241150315466,-2.89613394022437,0.574378918616309,1.81098242216086,0.57245288772997,0.919584574134293,0.722734851016227
"gene-LOC115497277|LOC115497277","LOC115497277",-2.5209091964858,0.00887703152521919,0.0444981247187574,0.121601978305076,-0.500649168105248,0.809009903582299,2.5385268779899,0.0449128842314613,-1.34284173201574,0.881351538865029,-1.24313794984747,0.72926857220604,-0.548101971978565,0.875824079355957
"gene-LOC105758865|LOC105758865","LOC105758865",0.838004580389934,0.00888524752057902,0.0444981247187574,0.106324015645779,1.22192848809135,0.125760213609033,0.104822691529524,0.913575214486912,0.0184464248106571,0.998396496607865,-0.386865773253809,0.803742375969669,0.958331831177721,0.405770022354078
"gene-LOC100223070|LOC100223070","LOC100223070",-0.846564227425527,0.00888345408303269,0.0444981247187574,0.144757861659486,1.1918355223338,0.284692184413803,0.827716789642596,0.332290379850008,-0.892832266963096,0.881351538865029,0.145007524956271,0.958495968091809,1.27172756996957,0.427748212443917
"gene-POU6F1|POU6F1","POU6F1",3.8556380550567,0.00888979673068252,0.0445065041757722,0.062786222737184,0.819830184200474,0.308119168773833,0.161905103957676,0.87909946996147,-1.09422053311839,0.778588019030772,0.0990727006348049,0.968100872902918,-0.0134125443254356,0.995816734665643
"gene-ADGRA2|ADGRA2","ADGRA2",2.79745654967322,0.00894490037702665,0.0447100559865915,0.054556286556774,1.16168004506743,0.0762195220839337,-0.719862916481708,0.251544203686946,-0.205472182878376,0.985541190568865,0.740377836795746,0.542340274607299,0.976722782503095,0.290331729477332
"gene-MYCT1|MYCT1","MYCT1",2.87425570694341,0.00897670949474606,0.0448256145308794,0.0527478376907807,-0.248442033516742,0.568860429332569,0.0407428233567311,0.948692196801289,0.102251372777297,0.993088217117691,-0.664588055333358,0.428080200773895,-0.770035892716071,0.230477250130079
"gene-TRIB1|TRIB1","TRIB1",-1.67093379709922,0.00900873273002906,0.0449420177295937,0.0618541335129272,-1.14618979633352,0.324262512587929,2.03092808841431,0.0415845748548023,-0.495653471915223,0.954765381585248,-1.24209873100707,0.573907098528222,-0.853013910841499,0.648277900825325
"gene-CHD7|CHD7","CHD7",1.20911930915551,0.00901163743081388,0.0449420203808717,0.0560016872895895,-0.623811608661224,0.21041951259233,0.846379663011712,0.0791739518403319,-0.176316545287849,0.976715574403619,-0.768824227443167,0.449342757214557,-0.722572718380528,0.339215145127487
"gene-MGAT4A|MGAT4A","MGAT4A",2.49574401074061,0.00905376929085576,0.0450940070086878,0.0543137829049589,-0.137495219032731,0.705658750414794,0.162743840738855,0.676825744969612,0.114732181690157,0.977147511934147,-0.630509470826078,0.297461664955894,-0.490528667429796,0.305382756555116
"gene-AGBL5|AGBL5","AGBL5",3.33523365431125,0.00908155504494678,0.0452033014861857,0.0662536597415488,0.81214516248371,0.0794349923455274,-0.017648622959368,0.980253229704108,-0.148669204789057,0.97955840315623,-0.10255713870732,0.92647836123837,0.543270196027966,0.410531884700447
"gene-TRAF3IP2|TRAF3IP2","TRAF3IP2",-1.27490128635875,0.00911507458453335,0.0453066843704877,0.151995854128862,0.859838529783756,0.534814604044145,1.24426169938978,0.188802346459966,-0.64523970695014,0.942022518769759,-0.77900661431957,0.753143240232843,0.679853907903827,0.767878474840683
"gene-GLB1L|GLB1L","GLB1L",1.16156243873943,0.00911376472965569,0.0453066843704877,0.0960919681032286,1.24901251642977,0.103828704359744,-0.154911764913357,0.867022133223366,-0.199758816337014,0.988899109881237,-0.203451057879602,0.90784320217213,0.690890877299798,0.548915730536181
"gene-NECTIN1|NECTIN1","NECTIN1",-1.60292666904127,0.00916357727898602,0.0454630498124541,0.077758209524633,-0.771391682341962,0.516780642034286,1.96343909277322,0.0340161165153923,-0.89027956373326,0.881351538865029,-0.850243041639503,0.724631565459596,-0.548475194941501,0.781506994443053
"gene-KATNAL1|KATNAL1","KATNAL1",-2.74060818665484,0.0091920893642782,0.0455775658161503,0.130284717290699,0.249532545376808,0.884929000834318,1.45619744286752,0.182382932479854,-0.904859443770239,0.911686610960563,-1.38203303803642,0.603204536613802,-0.581162493562326,0.826281349426408
"gene-F5|F5","F5",3.86602886824986,0.00926186530632274,0.0458620931518969,0.0518162676833241,-0.069784049209384,0.890906843647815,0.771043730556318,0.0305792666612827,-0.618450099221838,0.740086616643922,-0.0269355296334495,0.983745258664288,0.0558740524916468,0.94614140831255
"gene-SIX4|SIX4","SIX4",-1.16900778839152,0.00926550781708715,0.0458620931518969,0.0730144973130909,1.35543823691506,0.142433956229904,-0.862581554178179,0.347668155772615,0.405080927578416,0.960922815213,-0.533753397832824,0.790798708799605,0.364184212482473,0.852346572293641
"gene-LZTFL1|LZTFL1","LZTFL1",-1.46201727933756,0.00928726070714423,0.0459317224170844,0.147649463456253,0.995183758841259,0.476695218534021,1.13512566036714,0.271400560022095,-0.660409979859307,0.942926071295297,-0.969385271127943,0.685432493360692,0.500514168221149,0.852346572293641
"gene-TNFSF15|TNFSF15","TNFSF15",-2.89869031791345,0.00930506961215746,0.0459653921853744,0.146349571199858,0.695059841610153,0.738930436260813,2.01570485233941,0.137362944829362,-2.10099190620454,0.755237273332146,-0.465420343944466,0.916800785037143,0.144352443800561,0.972973002129472
"gene-APOB|APOB","APOB",-5.6852556188526,0.0093627492769663,0.0462017044199788,0.0547670487628552,0.49059499787526,0.808154013908023,-0.18592478819392,0.940106134945671,2.4782284715336,0.748875438822363,-1.20436485819398,0.685432493360692,1.57853382302096,0.499217948038049
"gene-CRTAC1|CRTAC1","CRTAC1",-2.42922005669998,0.0093775369542291,0.0462451830359131,0.124661974515891,2.16405702200647,0.1490055435694,0.20326092712857,0.907980629583849,-1.22874066564669,0.881351538865029,0.0991664671204964,0.983846228676293,1.23774375060885,0.6113091733631
"gene-SLC8A2|SLC8A2","SLC8A2",1.27994824079696,0.00952110849662697,0.0467743345985087,0.0830719418403809,1.12061500495612,0.136472695641744,-0.21748218774471,0.809052594273971,-0.428466248984254,0.952832963583212,-0.0953878097153952,0.964407204583187,0.379278758511757,0.790175625635328
"gene-ZNF385A|ZNF385A","ZNF385A",-4.0918429845485,0.00957308760992538,0.0469183390375992,0.097597497131569,1.94541940919918,0.327929987338795,0.954335037465228,0.629373421482199,0.517765781189299,0.983512237570767,-2.31687205846031,0.497601250888561,1.1006481693934,0.753638286226825
"gene-SPINK4|SPINK4","SPINK4",-1.89229341836646,0.00957467623138859,0.0469183390375992,0.134690671415563,1.37747756310543,0.302656193501069,0.257613291450037,0.866070338001397,-0.91270418902323,0.914836754344442,-0.607590051780645,0.850303620649984,0.114796613751594,0.972454195378971
"gene-TYMP|TYMP","TYMP",-3.9076762001456,0.00968168207575028,0.0473676984262522,0.0884627932190702,0.498531172683904,0.862154741700557,1.6696464610074,0.447763660915906,1.431153009159,0.905169594660932,-2.2779172116118,0.506250305332236,1.3214134312385,0.720971598835115
"gene-RAB3B|RAB3B","RAB3B",-0.836892888671528,0.00969146895552726,0.0473856183528545,0.0673028928813516,0.934071023404401,0.154712868768883,-0.484536408850756,0.490840600598248,-0.10291127703212,0.996216994695931,-0.173368832063236,0.921128918455576,0.173254505458289,0.906746442733773
"gene-LOC140682128|LOC140682128","LOC140682128",4.78897986196445,0.00975319223880332,0.0476121923960509,0.0521748967123398,0.171546082484354,0.527519568039485,0.0185896786095947,0.964244384476549,-0.283898893477824,0.864900131574504,-0.0615272433974194,0.928496718506796,-0.155290375781295,0.725381350276003
"gene-ANTXR2|ANTXR2","ANTXR2",2.97930083477129,0.00978445254301994,0.0477046008516804,0.0535475378664992,-0.674581503643477,0.197419266226441,1.0222448263077,0.0400569716377897,-0.419509764504866,0.911686610960563,-0.5725648897854,0.603369844717801,-0.644411331626039,0.418162579213638
"gene-LOC140681598|LOC140681598","LOC140681598",-1.49437358703406,0.00978383677129733,0.0477046008516804,0.139756100425209,2.41213688147837,0.102420404864163,-0.494594042877918,0.72670000094053,-0.565867909715463,0.960978442117234,0.284975836440511,0.934082927300734,1.6366507653255,0.442516344913603
"gene-LOC115495508|LOC115495508","LOC115495508",1.69640750208973,0.00979023618035087,0.0477177653199779,0.0512328400806314,0.484778180346927,0.164576347844252,-0.355839715952257,0.339354061891537,-0.125218168602733,0.980825505488081,0.0829820406833721,0.931115276531972,0.0867023364753097,0.910270778127305
"gene-CKB|CKB","CKB",0.590432733195308,0.00981927292321265,0.0477840404046276,0.0589698560942039,-0.367272652864176,0.56202412424987,1.10988354865414,0.03438946859002,-0.44962046884753,0.891118925293526,-0.51669898475222,0.666988086482085,-0.223708557809786,0.845404969945772
"gene-MTA3|MTA3","MTA3",-4.81510305290103,0.0098284843163405,0.0478138304920997,0.0698639969174142,-0.998256580523838,0.548561393283475,1.10295471219038,0.533158861262798,1.74497239650675,0.821916777871855,-2.17222755826089,0.428080200773895,-0.3225570300876,0.920961961140545
"gene-LOC115491814|LOC115491814","LOC115491814",-4.77249800940452,0.00984756245926075,0.0478766644770976,0.0770054124724565,0.219526735977706,0.91747491932655,-0.0198559141563397,0.993736043458196,2.52905689497804,0.692004309808231,-2.49380955031155,0.393339794204213,0.234918166487863,0.94614140831255
"gene-LOC140681757|LOC140681757","LOC140681757",2.28398508265729,0.00984758791797103,0.0478766644770976,0.0513354505027787,0.466780930487787,0.294666041753445,-0.426321342079166,0.377958744191679,-0.10311212469936,0.993431003477911,-0.0533498976980455,0.970383985641921,-0.116002433988785,0.906398699859242
"gene-LOC140681739|LOC140681739","LOC140681739",3.88443571084963,0.00987445339276917,0.0479922004563765,0.0525079285625541,0.419312745061839,0.260738296318118,-0.27435931950025,0.522964993048971,-0.16222526498029,0.966217811304541,-0.0509202989152411,0.964252143575568,-0.0681921383339419,0.934095450738436
"gene-RPS6KC1|RPS6KC1","RPS6KC1",0.543916351735674,0.00988197873281942,0.0480057834056956,0.065758918270887,-0.452657556306008,0.301483515159418,0.762901197883216,0.062752881713192,-0.53324295227713,0.822904700039556,-0.385433690342117,0.701270358925598,-0.60843300104204,0.355409309205687
"gene-MERTK|MERTK","MERTK",0.212655227916777,0.00990535937340967,0.0480518609101927,0.0756376257138902,-0.183303373104724,0.843558319647198,1.26367364788446,0.0399404221363024,-0.668423720288461,0.864900131574504,-0.531719213446667,0.732804439762429,-0.119772658955392,0.939592573561349
"gene-KCNK5|KCNK5","KCNK5",2.62930880635521,0.00991017228824392,0.0480601429522327,0.0514957372186283,-0.504650823703143,0.218328999651156,0.549566762781248,0.188099201296386,0.219544593953438,0.956808162502404,-0.485215680300327,0.54157464973214,-0.220755147268784,0.759388903639704
"gene-LOC140685029|LOC140685029","LOC140685029",-2.47808950867671,0.00992135535045994,0.0480842386621884,0.0932215441438651,1.8316043003841,0.191981870990481,-0.135266800545311,0.940534867081299,-1.49527740094712,0.864900131574504,0.372193365703082,0.920872121924951,0.573253464594746,0.845773525375568
"gene-CHST15|CHST15","CHST15",-1.82946324115941,0.0099570971359653,0.0481669516033332,0.0862537512729824,-1.18256877073399,0.3907205511522,2.34055207073852,0.0378982482904194,-1.13134578952133,0.881351538865029,-1.10175650041018,0.713913165253026,-1.07511898992699,0.622589096345562
"gene-NLRX1|NLRX1","NLRX1",2.31544494168705,0.00995461276823141,0.0481669516033332,0.0552256461528245,-0.257722621335077,0.609568883234707,0.782810350199694,0.0654499639900078,-0.0544194464078065,0.996216994695931,-0.563730527181458,0.511777617136997,-0.0930622447246465,0.924409101451346
"gene-LOC115497064|LOC115497064","LOC115497064",4.0134767362898,0.00998745392396449,0.0482836143309436,0.0539361686956507,0.284931719626586,0.580976395226873,-0.254504627972241,0.663970291293306,0.0867275123280438,0.996010926960805,-0.522157412870392,0.603204536613802,-0.405002808888004,0.597405209597387
"gene-LOC140684528|LOC140684528","LOC140684528",-3.71421224913459,0.0100354581791359,0.0484249190277918,0.0731500727252896,3.16305618524671,0.12702530984814,-1.85088208005352,0.365585576371413,-0.578451076604773,0.992538036724602,0.456635670855349,0.934772397974391,1.19035869944376,0.753638286226825
"gene-UBXN11|UBXN11","UBXN11",-0.762824161498706,0.0100586063334585,0.0484761547836409,0.131808976743639,1.58128006807696,0.181443085236683,0.269155013798406,0.820572209243588,-0.272843244120593,0.986454525919479,0.405289145675136,0.847271038069996,1.98288098342991,0.250064594901849
"gene-LOC115493771|LOC115493771","LOC115493771",0.144810736004461,0.0100661383421598,0.0484822567211091,0.0637129057821173,0.396541220926598,0.533347679701617,-0.240791249895876,0.746940335741579,-0.386654360321124,0.952832963583212,-0.188622288517324,0.91246104387697,-0.419526677807727,0.693594740330394
"gene-CORO1C|CORO1C","CORO1C",7.54944827347253,0.0100844949856348,0.0485404540910416,0.0506121728742679,0.104315256129184,0.803606687752795,0.211007588958904,0.60181507922597,-0.49593959954221,0.755237273332146,-0.111562701299659,0.897391208445436,-0.29217945575378,0.579941609764436
"gene-PGAM5|PGAM5","PGAM5",1.60619740257195,0.0101214891641491,0.048673102801494,0.0500223198033226,-0.639496497820239,0.129256295892785,0.284831036913785,0.580720014146868,0.500594575839161,0.84332707361829,-0.59270021984125,0.471758217041872,-0.446771104908543,0.466397233073109
"gene-DHX38|DHX38","DHX38",7.254096247774,0.0101329725221767,0.0486948769003026,0.0502651940110594,-0.0278594637371388,0.925465580081689,-0.0982953375950562,0.733040116289017,0.110601979601241,0.960922815213,0.288933262343532,0.513282621876237,0.273380440612578,0.411584611804812
"gene-PLCD3|PLCD3","PLCD3",-1.6105267849281,0.0101354570918174,0.0486948769003026,0.132934336160637,2.32569914609688,0.108570479734332,-0.200966628937437,0.899054825639442,-0.0318957541853233,0.998396496607865,0.253559440454824,0.927091079375972,2.34639620342894,0.256812117905382
"gene-EFHD2|EFHD2","EFHD2",-1.82256697451643,0.0101759137577805,0.0488437547771878,0.124147322365677,0.912581545280436,0.550768641265406,1.44741208027155,0.169569084114788,-0.7355996666576,0.942022518769759,-0.257042696708764,0.932825020200468,1.36735126218562,0.493454248144771
"gene-SLC4A2|SLC4A2","SLC4A2",2.32496896057215,0.0102496277259782,0.0491121173257017,0.065758918270887,0.116327578449805,0.86958697915091,0.911259939676239,0.0602768102796519,-0.417110963626578,0.904412745406004,-0.383439143349631,0.74100724314729,0.227037411149835,0.833355098893555
"gene-PPAT|PPAT","PPAT",-0.468354200060408,0.0102524445975753,0.0491121173257017,0.097901668734465,0.473752049711053,0.511588710824967,0.248728719650214,0.746410683718313,-0.783040046041077,0.838400364278416,-0.190558909798471,0.917751183031264,-0.251118186478281,0.865853657861917
"gene-GLOD4|GLOD4","GLOD4",0.932188117861121,0.0102452701819141,0.0491121173257017,0.0717604579361923,0.25005069991748,0.559707881604418,0.191982780041837,0.678852567526852,-0.440373749392204,0.853187173312262,-0.209626801907539,0.830903366353866,-0.207967071340426,0.775315877730983
"gene-GFPT2|GFPT2","GFPT2",1.23245932547624,0.0102634839758591,0.0491269454149149,0.0887139756124054,0.292505987432687,0.764346640770348,0.498980183297859,0.570406417912158,-1.07079647446917,0.809032098230377,-0.310463733464357,0.891834029467208,-0.589774037202979,0.680449066190489
"gene-TBC1D25|TBC1D25","TBC1D25",6.79687811243819,0.0102634420848951,0.0491269454149149,0.0514114575411225,0.199633748942624,0.590645200429745,0.152044008731941,0.725513151598521,0.338712044760338,0.881351538865029,-0.230638007229337,0.766822746198331,0.459751795205566,0.358834233602841
"gene-PACS1|PACS1","PACS1",2.25310372681728,0.0102873579635668,0.0492107772754855,0.0517807804199421,0.319968798652035,0.634981028009906,0.171313766895828,0.827668395087387,0.552627598593191,0.881351538865029,-0.183336894991432,0.893510796938385,0.860573269149621,0.323733842596645
"gene-SCAMP4|SCAMP4","SCAMP4",3.23246738750832,0.0102939847552372,0.0492272602247513,0.0510236892490524,-0.287334001750547,0.361828881748116,0.11470263612246,0.785311911498401,0.42522822574997,0.778588019030772,-0.24131803601223,0.717463649271316,0.0112788241096529,0.986552059110674
"gene-IFRD1|IFRD1","IFRD1",9.47901691883292,0.0103082079629519,0.0492648295944042,0.0514224048733473,0.0580816240568485,0.8889271638131,-0.281518989411447,0.412644772910017,-0.292761073475523,0.888012843565051,0.323999471404155,0.618684381448568,-0.192198967425966,0.720818519197202
"gene-MAPK1IP1L|MAPK1IP1L","MAPK1IP1L",6.75410110167788,0.0103149297835272,0.0492817346094734,0.051114069607582,-0.13841778524491,0.543403507656889,-0.175843244583545,0.462046591975661,-0.154874516478281,0.942022518769759,0.344908463653686,0.422847333797495,-0.124227082653049,0.736225323231373
"gene-LOC140680820|LOC140680820","LOC140680820",-1.96024049270362,0.0103307217924034,0.0493267262380262,0.180270434980234,2.09026338677923,0.314597391967919,0.749883510292104,0.680881033465671,-0.355944128713519,0.993088217117691,-1.62978667287694,0.664787662854117,0.854416095480875,0.840043652962726
"gene-DHCR24|DHCR24","DHCR24",0.104580106897819,0.0103746770749238,0.0494602981313756,0.0640629413648289,-0.202168768599419,0.870517195023959,1.38716166893578,0.0846173798913343,-0.161445159441286,0.993088217117691,-0.635061122107669,0.717417011806052,0.388486618787403,0.825238463907481
"gene-YAE1|YAE1","YAE1",3.70746307178993,0.0104052691391401,0.0495908653921137,0.0533476280234699,0.299889613108761,0.186533205134466,-0.187885203821654,0.466961521772801,-0.0374153107637896,0.996216994695931,-0.066520927925807,0.912309357715469,0.00806817059751053,0.987761076398036
"gene-GFM1|GFM1","GFM1",4.17017225464094,0.0104538986165246,0.0497919609389716,0.0507648326263068,0.42026392248365,0.404989151057143,-0.115153631840131,0.868328041890567,-0.718396649481537,0.773262655096777,0.321234155036411,0.795652348460723,-0.092052203801607,0.932058207487944
"gene-PLRG1|PLRG1","PLRG1",4.69215489289845,0.0104706783466431,0.0498121797683145,0.0550234293268952,0.130776542446187,0.678155558109036,-0.00834947704851707,0.986190513824217,-0.198136498525072,0.943345862972612,-0.17766079694935,0.79282474370248,-0.253370230076752,0.554791816999078
"gene-SS18L1|SS18L1","SS18L1",-0.905195303946039,0.0104693833244923,0.0498121797683145,0.065758918270887,0.901558834382908,0.201245727251787,-0.358353925857767,0.643634889143746,-0.882486848801644,0.838560570442248,0.651717370813168,0.692500607820924,0.312435430536665,0.830210284472736
"gene-LOC121471130|LOC121471130","LOC121471130",-4.09562046030695,0.0104652229816945,0.0498121797683145,0.0661702136526077,1.66427060706162,0.216307227191923,-0.836314842125432,0.586600523997068,-0.326430905815113,0.993088217117691,-0.550745568839156,0.875937194494327,-0.0492207097180835,0.988032690684457
"gene-IFITM10|IFITM10","IFITM10",-0.418551937507098,0.0104771802024936,0.0498251947054701,0.10845772526754,1.60156441801519,0.143990971751982,-0.336338438296503,0.765682057397568,-0.979996503572937,0.888857467920483,0.499794327861011,0.855332416245374,0.785023804006764,0.67255555692196
"gene-IFT80|IFT80","IFT80",0.786952691755241,0.0104901564753702,0.0498564845601742,0.0734189862973773,-0.136192532392838,0.758403417704985,0.214485653647409,0.628823636973591,-0.251808120109562,0.948067743005587,-0.423745177231407,0.603204536613802,-0.597260176086397,0.299527774465451
"gene-RAD23A|RAD23A","RAD23A",7.09552430958077,0.0104932193998376,0.0498564845601742,0.0520006839392661,0.591069381547669,0.082918036426985,-0.414307174136515,0.224740049763725,0.282375198193354,0.906029619853618,0.224835609962079,0.768351637227724,0.683973015566587,0.212173353823998
"gene-CSNK1E|CSNK1E","CSNK1E",0.284524426517015,0.0105216322740951,0.0499608037562509,0.0678539241317719,-0.594774516855813,0.317845569545399,1.08243739384463,0.0437226155563671,-0.586087185879289,0.864900131574504,-0.567144049489589,0.659719735350436,-0.665568358380063,0.448020781395751
