"baseMean","log2FoldChange","lfcSE","stat","pvalue","padj","Gene_ID"
8702.70522197554,0.245434964830322,0.0923012051237984,2.65906565901425,0.00783576906961801,0.0919214676980848,"gene-SBNO1|SBNO1"
1000.07958158486,1.29452482521963,0.241053393453672,5.37028251987011,7.8613386620541e-08,2.53118378665669e-05,"gene-FOXP4|FOXP4"
1486.62774525665,0.818442197518921,0.192008484485287,4.26253141736367,2.02124070345209e-05,0.00162662061267214,"gene-ITPKB|ITPKB"
1137.99522529163,1.26094077597275,0.427894023263002,2.94685297625138,0.0032102579810412,0.0526336229979377,"gene-HFM1|HFM1"
783.559747574518,1.12632895522406,0.214882197310207,5.24161130760438,1.59180408562296e-07,4.5256590007964e-05,"gene-CECR2|CECR2"
1894.19644294386,0.388171131113987,0.122690965014364,3.16381186722707,0.00155717418047349,0.0328657139094913,"gene-MCC|MCC"
923.282160355242,0.891730832522945,0.310819546597758,2.86896638993224,0.00411815556558454,0.0623160533287945,"gene-TMEM140|TMEM140"
1923.07175074458,0.373146966352063,0.127900667101879,2.91747474667066,0.00352878221985554,0.0562708760095615,"gene-MKKS|MKKS"
575.064630232593,0.700854183272558,0.246830870451653,2.83941057287579,0.00451969616548592,0.0658307500551562,"gene-ALKBH3|ALKBH3"
661.942493882168,0.682028123430983,0.198604476564529,3.43410246953514,0.000594519404013577,0.0168615476413792,"gene-SCNN1G|SCNN1G"
5395.27720982116,0.791106800171046,0.278046441939624,2.84523259730412,0.0044379003596781,0.0648876774328586,"gene-PROZ|PROZ"
9261.04625519964,0.672219670588451,0.242707103373504,2.7696744810718,0.00561123410333414,0.0748807810280031,"gene-SLC6A6|SLC6A6"
4313.80611698871,0.632884661885301,0.203606992394139,3.1083640814269,0.00188126155935148,0.0369890172731882,"gene-VLDLR|VLDLR"
9291.15080861145,0.484597468695397,0.163685001312492,2.96054901065888,0.00307091256613798,0.0514072122382368,"gene-MYO1B|MYO1B"
2326.90224502805,0.427420044675047,0.132848963491458,3.21733819701597,0.00129385983657983,0.0290504167759088,"gene-TRIM23|TRIM23"
281.318448324934,0.703490154318582,0.174476864259022,4.03199677680019,5.53049458417998e-05,0.00341603977724064,"gene-LOC100229224|LOC100229224"
3488.82167215239,0.347810308294172,0.11594123284392,2.99988450840776,0.00270081992307777,0.0477674429467297,"gene-FXR1|FXR1"
14912.5641534134,0.869492884857385,0.235548235814358,3.6913580857496,0.000223059841618428,0.0083747508746296,"gene-CIRBP|CIRBP"
1142.72466174683,1.63969273794644,0.376145690088882,4.35919586785373,1.30541235916112e-05,0.00122700653609846,"gene-LOC140683791|LOC140683791"
1647.32684651431,0.671355394921271,0.134523809613053,4.99060647221018,6.01900119757688e-07,0.000123088574490447,"gene-TANK|TANK"
132.340737516937,2.71859362025395,1.0201871440151,2.66479894027533,0.00770343646433579,0.0907913582669732,"gene-LOC140680792|LOC140680792"
353.536869473776,0.862948205452522,0.25228202357731,3.42056954045351,0.000624901570002083,0.0175447782167746,"gene-KLF4|KLF4"
8516.24307839935,0.838889726972062,0.209947676341733,3.99570855743407,6.4501044929899e-05,0.00381286840986001,"gene-MET|MET"
21977.7395570713,0.626184157511719,0.111121518327194,5.6351296035025,1.74926731975226e-08,8.27239448431594e-06,"gene-IL6ST|IL6ST"
7932.79779583506,0.486910512732055,0.174256701816246,2.79421398234373,0.00520260403372226,0.0717235444576858,"gene-ACMSD|ACMSD"
32086.120299891,1.20453543034225,0.4592734441367,2.6226977538543,0.00872366246372693,0.0977022214675111,"gene-PPDPFL|PPDPFL"
22.5042537158341,1.708601753676,0.64850965772393,2.63465891883965,0.00842218676581933,0.0959993813890206,"gene-LOC140681862|LOC140681862"
1437.53979270294,0.526467195632449,0.156214070060825,3.37016502692401,0.000751231793184971,0.0200196091682775,"gene-FOXP2|FOXP2"
3227.25370266973,0.545580473505846,0.133833880380328,4.07654976419589,4.57088765876944e-05,0.00298151909224819,"gene-TCP11L2|TCP11L2"
2253.29408615734,0.651480175666561,0.100235947304572,6.499466440787,8.06053795300125e-11,1.18657610384606e-07,"gene-ATF6|ATF6"
250.560909083186,1.74493616739371,0.501465677455058,3.47967218065506,0.000502027661074271,0.01492570647355,"gene-LOC115491080|LOC115491080"
10154.4507812519,0.608003562950946,0.216527271156727,2.80797684145227,0.00498538118071146,0.0698563538047606,"gene-ANO1|ANO1"
3403.78363736527,0.674573465494779,0.190343379088154,3.54398176982223,0.000394132496908961,0.0124000147104435,"gene-TMEM214|TMEM214"
48974.0680713551,0.746398264752053,0.197677420649554,3.7758397610584,0.00015946948834637,0.00689500504898746,"gene-SLC2A2|SLC2A2"
2049.9798670376,0.388947815404238,0.117604813391845,3.30724401652091,0.000942187797997585,0.0231839478814593,"gene-APBA1|APBA1"
6541.1676600064,0.739902097403689,0.281755682124097,2.62604144067556,0.0086384299639157,0.0972658933362621,"gene-LOC100227584|LOC100227584"
44787.597232897,0.633342514535842,0.11293593025985,5.60798067611088,2.04700875358993e-08,9.3870858994171e-06,"gene-HAL|HAL"
488.103923904295,0.646827529810516,0.178582732618749,3.62200488437709,0.000292328600526137,0.0100770130108474,"gene-CFAP57|CFAP57"
3062.00151439087,0.438728883259575,0.159574404014837,2.74936877231753,0.00597101665599733,0.0776950946304451,"gene-LOC100230322|LOC100230322"
57.5665697405994,1.20241424168366,0.386059832701502,3.11458002058804,0.00184206983677278,0.0366790037366874,"gene-S100PBP|S100PBP"
23048.4149391632,0.61140102145712,0.189120724996603,3.23286102815067,0.00122557167154235,0.0281008728870461,"gene-AASS|AASS"
927.061407144922,1.24955373749023,0.348104276799378,3.58959605144519,0.000331190782311127,0.0109601845681901,"gene-INA|INA"
14584.757053935,0.814118625941508,0.230619773413682,3.53013366499652,0.000415349770439087,0.0128275266858259,"gene-TRIM25|TRIM25"
2302.97524720908,0.442422241375953,0.168561123219502,2.62469917692602,0.00867255520415453,0.0973603693653342,"gene-TMEM248|TMEM248"
4093.21517527239,0.283764659042414,0.104387280671681,2.71838347753219,0.00656017576630163,0.0827982817943642,"gene-TOR1B|TOR1B"
58.9293432619486,0.951472519487366,0.345766707316678,2.75177597887103,0.00592730528458371,0.0775106561543795,"gene-LOC115497064|LOC115497064"
67.4509042742475,1.01322122525357,0.351847068388271,2.87972052714521,0.00398027824643563,0.061511902758318,"gene-DNAH12|DNAH12"
2092.3604570385,0.820371254117331,0.201804384723427,4.06518052242349,4.79952980232368e-05,0.00309069295738571,"gene-PDZD11|PDZD11"
1393.77763706573,0.798491352328867,0.225668555649027,3.5383367879162,0.000402656121921301,0.0125378499856688,"gene-SH2D4A|SH2D4A"
7334.87360436852,1.33758358476395,0.319092221883846,4.19184014222336,2.76700945217452e-05,0.00209365770198785,"gene-TNFSF10|TNFSF10"
13450.4668553317,0.984725300026081,0.176729691963172,5.57192902385234,2.51934064116972e-08,1.05903283118948e-05,"gene-NFIL3|NFIL3"
5186.84372543197,0.27522618279772,0.105039886647223,2.62020639571011,0.00878765637586385,0.0981428811335407,"gene-LOC100222731|LOC100222731"
7491.4760757937,0.551113894234836,0.131701460093053,4.18456935743497,2.85707207774082e-05,0.00214039959170554,"gene-TRIP11|TRIP11"
328.974502632891,0.907958983681613,0.243720851686281,3.72540542755998,0.000195001552886837,0.00770485247999089,"gene-SOX9|SOX9"
3060.79757708587,1.10267240247899,0.308857081130856,3.57017037926292,0.000356749111931846,0.0114865623635417,"gene-SLC16A6|SLC16A6"
15888.7474725156,0.594443565213627,0.18607279344604,3.19468286687495,0.00139984570074141,0.0303059584968809,"gene-PPARA|PPARA"
44.6046752283342,1.51018764964338,0.511894639004113,2.95019235321832,0.00317576144888699,0.0523516318148222,"gene-LOC115494330|LOC115494330"
4749.97915665275,0.420431834935133,0.142147645980596,2.95771225780639,0.00309931286044603,0.0516540765607156,"gene-SMARCD2|SMARCD2"
10044.365241195,0.548427098034538,0.198349962302096,2.76494682262283,0.00569320760481091,0.0755228659731168,"gene-LRRFIP1|LRRFIP1"
692.796596992328,0.505163301081317,0.177180644250854,2.85112012780641,0.004356550708777,0.0646349822312963,"gene-ZDHHC4|ZDHHC4"
1851.98835329144,0.415940787004681,0.152733994084183,2.72330197019156,0.00646329510454206,0.0819171229623408,"gene-HNF4G|HNF4G"
1098.76470696825,0.353850350567099,0.0972144430275649,3.63989485046749,0.00027274939761348,0.00969688465346824,"gene-UVRAG|UVRAG"
341.398551615136,0.745556263994704,0.282230842467035,2.64165410653793,0.00825022646760034,0.0948641621754386,"gene-CACNA2D1|CACNA2D1"
4616.16954062723,0.419324547083644,0.115322886119162,3.63609133620157,0.000276806219473362,0.00978716943759436,"gene-HMGB3|HMGB3"
5153.76006762371,0.331954645267713,0.0964599836775016,3.44137156789856,0.00057877315622629,0.0166491787897106,"gene-BNIP3L|BNIP3L"
260.379496742581,0.955400918056499,0.288547000341741,3.31107555069007,0.0009293811288084,0.0230562698725533,"gene-KLHL38|KLHL38"
758.083445097783,0.638658848041912,0.241208271537255,2.64774853686255,0.00810297733155197,0.0937318286954338,"gene-LOC100219050|LOC100219050"
457.876386428169,0.533627883953074,0.166971660596601,3.19591888854902,0.00139386290150847,0.0302630233694802,"gene-GTF3C6|GTF3C6"
2289.27887256403,0.675217318066712,0.214861608333662,3.14256848072251,0.00167472533012669,0.0342019141981204,"gene-FRMD4A|FRMD4A"
631.820941495184,0.418208420010309,0.145719295870095,2.8699591053688,0.00410524888866836,0.0623160533287945,"gene-ST7|ST7"
55.1933419208452,0.917984658645265,0.291861519567139,3.14527471797835,0.00165930935481601,0.0339787935946288,"gene-LOC100224932|LOC100224932"
1197.68012351861,0.861219044975218,0.314289554105568,2.74020893702989,0.00614001383738323,0.0789592395191082,"gene-LAMA3|LAMA3"
2235.45902623052,0.431117590817857,0.118004961989992,3.65338527759893,0.000258805448855518,0.00933085065482713,"gene-MACO1|MACO1"
234.866663524389,1.533046326181,0.450031577251246,3.40653057179835,0.000657941814487321,0.0182022549883668,"gene-LOC100221534|LOC100221534"
41.5753502952332,1.62537994809024,0.577740716351334,2.81333806340527,0.00490300746041946,0.0693431886902128,"gene-LOC140681954|LOC140681954"
2653.84364479877,0.335120572439703,0.115255682250021,2.90762733686948,0.00364182042175737,0.0573482502002645,"gene-INO80|INO80"
35.1667072180698,1.80920002180629,0.67159958675594,2.69386708610908,0.00706283234090626,0.0865744417990056,"gene-LOC121469922|LOC121469922"
1481.67410799902,0.373591849547188,0.140400186023856,2.660907083725,0.00779304593327983,0.091562239214537,"gene-LOC100224698|LOC100224698"
1806.73465357326,0.435643912559463,0.119921344616601,3.63274706393806,0.000280419865583009,0.00983375280089513,"gene-DIS3|DIS3"
872.934365373175,0.254259998619853,0.0960037756245544,2.64843749077325,0.00808648022777076,0.0936286957053213,"gene-ZNF438|ZNF438"
232.184703668885,0.633966546116952,0.235662160267131,2.69014993921099,0.0071419921744382,0.0867413864974103,"gene-LRRC20|LRRC20"
34.0113143095431,1.42808187561164,0.420415742703249,3.39683254111552,0.000681706709448084,0.0187001735585816,"gene-LOC140684754|LOC140684754"
1087.14976206943,0.495412731790818,0.144977058521023,3.41718018591871,0.000632733867410629,0.0176990048346119,"gene-ZSWIM6|ZSWIM6"
5450.76995207796,0.515698076209635,0.191644917276106,2.69090400903594,0.00712586950912079,0.0867413864974103,"gene-VAV3|VAV3"
6002.38728754801,0.373467231828763,0.120335774135391,3.10354285342088,0.00191218540217304,0.0371391572206465,"gene-CARS1|CARS1"
599.120149541593,2.7230704637032,0.700693192604443,3.88625220345252,0.000101803741829351,0.00525800691161626,"gene-LOC140681175|LOC140681175"
99086.3125293891,0.528179968294615,0.169777902297486,3.11100538495955,0.00186451539171332,0.03692903939905,"gene-CD81|CD81"
5176.36425374186,0.616561980097713,0.230354084538295,2.67658366611344,0.00743769931308824,0.0888355988200192,"gene-SLC16A12|SLC16A12"
268.502676409046,1.27936686550406,0.432354565952165,2.95906870484076,0.00308570297762032,0.0515407761151527,"gene-LOC115494509|LOC115494509"
694.716789849846,0.643796516785541,0.164757029800153,3.90755112280462,9.32363179080107e-05,0.00488216331799975,"gene-TMTC4|TMTC4"
836.094610670607,0.93193208373045,0.219765256930173,4.24057968374208,2.2294327071443e-05,0.00176638770456621,"gene-LOC140681752|LOC140681752"
108.626050211213,1.05306978123432,0.398225684574553,2.64440447220117,0.00818348024055722,0.0945013827707866,"gene-FOXO6|FOXO6"
151.221734074057,1.87045047269428,0.703746063197516,2.65784857707874,0.00786412179939919,0.0920400272160154,"gene-LOC140680284|LOC140680284"
813.020322769197,0.424916534996129,0.150378722717585,2.8256426661778,0.00471858700964016,0.0675788618865836,"gene-NOM1|NOM1"
176579.517027799,0.942096181824332,0.332984100378861,2.82925275036387,0.00466568356010513,0.067052031638244,"gene-CP|CP"
769.555151094867,0.431965491929925,0.163629924367377,2.63989300001196,0.00829322063815072,0.0950767484220719,"gene-MEIS1|MEIS1"
12475.5624361767,0.626989296165463,0.159512095229682,3.93066930293066,8.47097190085254e-05,0.00449793746581058,"gene-XPO1|XPO1"
349.086341871432,0.769266834034643,0.2935386327508,2.62066640709509,0.00877580888064493,0.0980829511010338,"gene-DTL|DTL"
7468.6991598427,0.593044866925411,0.175349132047248,3.38208042435941,0.000719390799336529,0.0194402517256423,"gene-HIPK3|HIPK3"
3047.36234365551,1.08674531636082,0.228295903927404,4.76024885977103,1.93354396679589e-06,0.00028686589068159,"gene-ENPEP|ENPEP"
8478.42387092694,0.56766369074558,0.136892372721032,4.14678830866935,3.37171535538893e-05,0.00244134777383257,"gene-NGEF|NGEF"
4758.70771533078,0.612094301247794,0.150988694011618,4.05390817673206,5.03689938486994e-05,0.0031759749329682,"gene-SYDE2|SYDE2"
99.4551126530871,0.617258938514444,0.219668936886964,2.80995095283804,0.00495490503336933,0.069686410659831,"gene-KIF26B|KIF26B"
40.1442298953498,2.67004532874358,0.540183807027815,4.94284592393584,7.69903293105545e-07,0.000149610620935985,"gene-LOC116806816|LOC116806816"
2690.05770209182,0.452455721138204,0.138772006388846,3.26042501590991,0.00111245377568578,0.026181590960269,"gene-DAAM1|DAAM1"
341.148384042087,1.13447448804369,0.383472128183681,2.95842749619676,0.00309212972475017,0.0515911787482297,"gene-GADD45G|GADD45G"
376.322941840946,1.28794310153094,0.463731163541709,2.77734860796152,0.00548043641950129,0.0738516868533509,"gene-LOC140681287|LOC140681287"
1482.31371473107,1.16207673821776,0.219510568320984,5.29394437409722,1.19705858880374e-07,3.64904278349486e-05,"gene-ZNF385B|ZNF385B"
266.145318596115,0.75213073105214,0.26034577367105,2.88896846853549,0.0038650782874438,0.0600515705584056,"gene-CFAP65|CFAP65"
74.3963078603965,0.777883094032022,0.28130431450571,2.76527253198683,0.0056875256326994,0.0755228659731168,"gene-LOC140684871|LOC140684871"
30.0422063682177,2.1776918798817,0.799006484209325,2.72549963350634,0.00642042477273321,0.0815103087967883,"gene-TLL2|TLL2"
4207.76313486645,0.397778992415611,0.125780465366601,3.16248625139237,0.00156428121969381,0.0329697321693961,"gene-OSBP|OSBP"
7282.60672000369,1.59811293426807,0.331354516386989,4.8229701278664,1.41436159547018e-06,0.000232647108959242,"gene-LOC115497648|LOC115497648"
35.0305662696252,2.38511927060723,0.769822570491232,3.09827142257632,0.00194653063393569,0.0372871494725934,"gene-PLPPR4|PLPPR4"
106.991725230302,1.8397447410024,0.697521630193982,2.63754507582906,0.0083508526299566,0.0955203725239103,"gene-LOC140684949|LOC140684949"
2154.07890794482,0.611744187585071,0.169999679131141,3.59850201313121,0.000320055373747617,0.0106918277503812,"gene-TGIF1|TGIF1"
109.137617478789,1.23667750351722,0.461363112404994,2.6804863030134,0.00735152729870415,0.0880844517904116,"gene-MAP7D2|MAP7D2"
11145.7170696183,1.10617620670022,0.173410603042444,6.37894215977943,1.78315361548085e-10,2.07572797408244e-07,"gene-CREB3L2|CREB3L2"
1876.46945785116,0.319660062684852,0.105699406598925,3.02423706026846,0.00249261038961112,0.0449055631261728,"gene-ING1|ING1"
6554.19069049737,0.659742602308888,0.182840007173626,3.60830549346015,0.00030820345147696,0.0104574951372216,"gene-SELENOS|SELENOS"
3967.03907788415,0.778693277234352,0.148729619678897,5.23563012475612,1.64422934683533e-07,4.5256590007964e-05,"gene-LRIG1|LRIG1"
3065.38834783643,0.774811495140298,0.204237811284221,3.79367312187878,0.000148435054565903,0.00659470015108772,"gene-EPCAM|EPCAM"
390.853425249298,2.08347638485268,0.351831371949995,5.9218038837901,3.18429230828286e-09,2.09512589135845e-06,"gene-LOC140684264|LOC140684264"
246.655684468927,0.840064442117286,0.318034872966656,2.64142241472168,0.00825587137943915,0.0948641621754386,"gene-HPDL|HPDL"
411.117633023967,0.884318829891063,0.298696902870317,2.96058921734117,0.00307051174615936,0.0514072122382368,"gene-GAS2L3|GAS2L3"
620.652173832602,0.96208085622116,0.25872399816346,3.71856056280223,0.000200361258283533,0.00783964796647292,"gene-LOC105760834|LOC105760834"
4884.66025966979,0.58620256404952,0.188976880800942,3.1019803140205,0.00192230741358087,0.0371391572206465,"gene-MAST2|MAST2"
894.96605099363,0.532143789455587,0.198169613744142,2.68529457872709,0.00724659053919132,0.0874205366671591,"gene-PAK5|PAK5"
1642.51321973271,0.457833548764626,0.169995684328727,2.69320689270733,0.00707683392999272,0.0865753660974777,"gene-RMP24|RMP24"
2110.71324810489,0.475226092856758,0.147762954919162,3.21613826088374,0.00129928219255385,0.0290858541714755,"gene-PHTF1|PHTF1"
500.699233551424,0.651753167134159,0.165877195729319,3.92913060935573,8.52535277060221e-05,0.00451098473697634,"gene-TMEM171|TMEM171"
724.543225394662,0.547658843698054,0.151763176425041,3.6086411512911,0.000307805027620557,0.0104574951372216,"gene-IL7|IL7"
687.884085147863,0.726489039346644,0.233099820188964,3.11664349958619,0.0018292263021353,0.0364712537947476,"gene-FBXO15|FBXO15"
3667.53299500413,0.601795203792468,0.137045627875143,4.39120323007125,1.12725115507026e-05,0.00110770725517391,"gene-LOC100224365|LOC100224365"
2901.5279790814,0.404008530609145,0.140799415421989,2.86939068176024,0.0041126346845327,0.0623160533287945,"gene-BRWD1|BRWD1"
139.799018551813,0.690488142837096,0.215593580617069,3.20273053056955,0.00136131295605734,0.0298781486713585,"gene-LOC115494488|LOC115494488"
5731.56040537696,0.402637270734976,0.134943964679039,2.98373678061587,0.00284751618245442,0.049191167110825,"gene-TNRC18|TNRC18"
1183.36945925222,0.722510998594733,0.253916436140626,2.84546762539856,0.00443462671123948,0.0648876774328586,"gene-GLB1L|GLB1L"
1039.16182165148,0.369157582041066,0.129548266033113,2.84957563188617,0.00437775960460717,0.0646823368208828,"gene-ZBTB10|ZBTB10"
373.134198778458,0.953915262971639,0.192394995366817,4.95810850564445,7.11828064120576e-07,0.00014173808018864,"gene-PDGFA|PDGFA"
3832.47999183335,0.471010232058946,0.138801727066973,3.39340325233618,0.000690299376789688,0.0188308169500533,"gene-PCMTD1|PCMTD1"
113.063502540756,5.68280253442378,1.67029199046897,3.40228089869975,0.000668259141870922,0.018386846534423,"gene-LOC105760177|LOC105760177"
6483.13426257505,0.673767930378509,0.17085290601219,3.94355557716084,8.02823752380989e-05,0.00435452754293244,"gene-DNAJB9|DNAJB9"
2805.12803697243,0.322558860016105,0.111812945082028,2.88480783490202,0.00391652646265749,0.0607262243436432,"gene-UBE2W|UBE2W"
5141.40241966793,0.249299325079307,0.0867539668547342,2.87363603207619,0.0040577629024558,0.0620263899018825,"gene-TRAK1|TRAK1"
48.9661999015147,1.02667478114499,0.31745268732118,3.23410329207974,0.0012202531436205,0.0280213821280864,"gene-LOC140682201|LOC140682201"
5637.77951815576,0.560358730104745,0.139893197958828,4.00561813069472,6.18555107285027e-05,0.00371452160259695,"gene-ZFHX3|ZFHX3"
1543.7142541992,0.298735273226905,0.0678751484286664,4.40124670284679,1.07630663961071e-05,0.00106455871746594,"gene-INTS2|INTS2"
523.648782802947,0.70101502319366,0.266879155802163,2.62671328184701,0.0086213944248197,0.0972187495013387,"gene-LOC121469596|LOC121469596"
2926.00130803436,0.570521344461093,0.163540053003396,3.48857257890974,0.000485606967582535,0.0145869258760378,"gene-PAWR|PAWR"
3624.67288293382,0.335088281603493,0.0893169592154307,3.75167588044804,0.000175656460357891,0.00722339460488035,"gene-ARID1B|ARID1B"
69273.4202159748,1.63919530419434,0.309712457625027,5.29263600426088,1.20565743193513e-07,3.64904278349486e-05,"gene-TMEM86A|TMEM86A"
1793.93050609316,0.995715805112139,0.256758953327899,3.87801785373592,0.000105310990528152,0.0053303109389826,"gene-LOC115493774|LOC115493774"
7722.92888622824,0.913312569138156,0.240190128678833,3.80245672110606,0.000143268299896431,0.00647187815621697,"gene-WSB1|WSB1"
108.052080805791,1.27837688361028,0.481051647463463,2.65746285321137,0.00787312665081933,0.0920742083515061,"gene-LOC115496408|LOC115496408"
3298.86988166063,0.420133238384316,0.136360201763629,3.08105468421489,0.00206268762540942,0.0389696027906626,"gene-RIOK2|RIOK2"
528.893196364567,0.334795465743196,0.125206374280888,2.67394905144459,0.00749638392810803,0.089325022034692,"gene-LMLN|LMLN"
478.564255516113,1.23125329168262,0.333767434234595,3.68895573801609,0.000225176385311415,0.00841381293559913,"gene-LOC100228204|LOC100228204"
2163.59794954663,0.681488104210162,0.172299648087446,3.95524954214818,7.64548068836611e-05,0.00422440423336846,"gene-FOXK1|FOXK1"
486.681044143676,0.81328727067308,0.294179066240858,2.76459940221309,0.00569927396691333,0.0755228659731168,"gene-LOC140681726|LOC140681726"
51842.9067504548,0.330192992624235,0.122867821812199,2.6873837897845,0.00720141560134309,0.08706957970419,"gene-CANX|CANX"
300.545390719033,0.448694587000217,0.150107065070058,2.98916367987611,0.00279742229031942,0.0487711883864098,"gene-LOC100231213|LOC100231213"
1437.76412170606,0.359822169821086,0.134410531760935,2.67703851109727,0.00742760969922377,0.0887851639639442,"gene-IFT140|IFT140"
2602.20558508613,0.608676033495092,0.217077396562253,2.80395860248185,0.005047938601135,0.0704059491714064,"gene-LOC100218092|LOC100218092"
18020.8613451689,0.761933767422765,0.207710974609729,3.66824029810832,0.000244225594954027,0.0089488279138966,"gene-C8B|C8B"
177.957921017778,0.542952434864541,0.189617720346867,2.86340556078472,0.004191137316631,0.0628251828005156,"gene-CCDC157|CCDC157"
598.297403058616,0.500380477491399,0.168175060806445,2.97535481831813,0.00292649837791357,0.0498421808836306,"gene-HDAC11|HDAC11"
17509.5051993306,0.436268947445726,0.134767297950327,3.23720185891482,0.00120707995481091,0.0278979250787093,"gene-MAN1A1|MAN1A1"
3966.55348328725,1.04330113727468,0.307154343381061,3.39666737507383,0.000682118271614156,0.0187001735585816,"gene-TDRD12|TDRD12"
519.240919632047,1.08249290531951,0.366382943847687,2.95453956985924,0.00313135994213539,0.0518455908143707,"gene-LOC116808448|LOC116808448"
6651.6287913908,0.770601605304821,0.184775149668741,4.17048291767767,3.0395484007221e-05,0.00223288766738484,"gene-LRATD2|LRATD2"
4553.74456783421,0.431843552411221,0.133404374057182,3.23710189761933,0.00120750286965932,0.0278979250787093,"gene-MTMR4|MTMR4"
102479.623720674,0.799554905883943,0.205327106508467,3.89405431888737,9.85825594776583e-05,0.00512663186452029,"gene-HSP90B1|HSP90B1"
4260.67672011088,0.517911817422025,0.180270162359446,2.87297581942232,0.00406625237858203,0.0620934381887808,"gene-FGFR3|FGFR3"
31.7217437448502,1.65490884918495,0.612993507574617,2.69971676491778,0.00693985301240726,0.0860121176386233,"gene-ASB4|ASB4"
297.77577651448,1.70443351388927,0.549357702243107,3.10259327743985,0.00191833083275835,0.0371391572206465,"gene-LOC140680578|LOC140680578"
349.986707521758,0.460218885203507,0.163710536752336,2.81117449330542,0.00493610080749772,0.0695512230166322,"gene-LOC101233698|LOC101233698"
2222.61343658291,0.296469937894231,0.106335596306777,2.78805920304353,0.0053024852663786,0.072474319741294,"gene-LIN54|LIN54"
546.98696237274,0.870542184674183,0.261063739116907,3.33459632356045,0.000854233089855868,0.0216722405379573,"gene-PKDREJ|PKDREJ"
945.519720941872,0.68326581792733,0.216156013968939,3.16098453788805,0.00157236844918244,0.0330481274187192,"gene-CHTF18|CHTF18"
1248.04471254288,0.443744705286399,0.169542111033223,2.61731261090316,0.00886251344640961,0.0986875761475472,"gene-SEL1L3|SEL1L3"
232.154680504108,1.25129295275165,0.411366419242774,3.04179654492697,0.00235170790707909,0.0428259876748831,"gene-LOC115497666|LOC115497666"
4622.05259649858,0.361350589010296,0.119270653251928,3.02966890142739,0.00244821969196821,0.044211108112834,"gene-IPO5|IPO5"
4776.70339276245,0.588147516584529,0.16830530477898,3.49452750379372,0.000474901675519616,0.0143733741112767,"gene-GAPVD1|GAPVD1"
1722.53825302363,0.298846318331875,0.0931122435678968,3.2095276290272,0.00132953268232018,0.0294955894865066,"gene-MSL3|MSL3"
2065.57473058056,0.514781387361163,0.154729691702377,3.32697222942411,0.000877951224703758,0.0221572173056267,"gene-DCUN1D4|DCUN1D4"
1135.89821295928,2.59449032600172,0.359447280244179,7.21799960272126,5.27578705262982e-13,1.92864153116728e-09,"gene-LOC115497382|LOC115497382"
87.3072366610053,1.21116110161283,0.410908236477805,2.94752208423608,0.00320331870757802,0.0525768134509525,"gene-ULK4|ULK4"
3523.57596670905,0.352582448989596,0.131388905792648,2.6835024377631,0.00728554440647164,0.0876408135954971,"gene-SPCS3|SPCS3"
8537.15115501141,0.451185255827001,0.136115780563909,3.31471673569223,0.000917360332351784,0.0229352099952528,"gene-FBXL5|FBXL5"
2062.61394157182,0.475917878438552,0.170253435118352,2.79534963924643,0.00518436119033836,0.0716702830867589,"gene-GSAP|GSAP"
22855.6703994649,0.488072783844201,0.101658714618862,4.80109143297826,1.57803193148041e-06,0.000251372181253611,"gene-SLC40A1|SLC40A1"
61.0598408129603,2.03238547413303,0.582394895546067,3.48970344636591,0.000483556828810173,0.0145770228892119,"gene-CRX|CRX"
8719.24129718378,0.475416083226972,0.148483127500933,3.20181889503901,0.00136562825918721,0.0298781486713585,"gene-MAP1LC3B|MAP1LC3B"
41.5328410044929,3.37997366898445,0.93719184054922,3.60649071272717,0.000310365961705814,0.01048385736271,"gene-LOC140681269|LOC140681269"
772.580741016133,0.221297834696934,0.0825071152302325,2.68216667228532,0.0073147006268301,0.0877954690138846,"gene-CEP57|CEP57"
51.141847765854,2.44713009936036,0.622018698814656,3.93417449350593,8.34831200937254e-05,0.00446413447483515,"gene-LOC140683983|LOC140683983"
54032.0305437061,1.08499993768479,0.338402535981889,3.20624056358388,0.0013448151019736,0.029648368815552,"gene-LOC100190731|LOC100190731"
404.287945206555,0.615168855438326,0.232670906943039,2.6439440303077,0.00819462051233922,0.0945013827707866,"gene-TULP3|TULP3"
8673.55458389572,0.472427991895286,0.163197955380922,2.89481562923131,0.00379381289740093,0.0591264372568159,"gene-PCDH1|PCDH1"
4971.43563780483,0.475607444236597,0.143953639397779,3.3038931577296,0.000953521643167943,0.0234247451721761,"gene-VPS13A|VPS13A"
5849.32454370592,0.324970804619362,0.113321681862656,2.86768427081079,0.00413487937794344,0.0624482331600979,"gene-KLF12|KLF12"
3301.43205369903,0.462384234737874,0.171300968569859,2.6992505564807,0.00694958322272232,0.0860622282401447,"gene-GARNL3|GARNL3"
1020.69410172013,0.827997624733644,0.291777404422851,2.83777157580608,0.00454296813437916,0.0660959121616593,"gene-ARFGEF3|ARFGEF3"
1055.08491005378,0.416901061632003,0.141130365821346,2.95401389492428,0.00313669882408263,0.0518772276555655,"gene-CNTD1|CNTD1"
2843.97541837361,0.538353818689275,0.185076691683147,2.90881479344217,0.00362801718422445,0.0572500355045553,"gene-FBXL3|FBXL3"
1536.73837971116,0.3734021475347,0.120295248458357,3.10404735282594,0.0019089277609628,0.0371391572206465,"gene-BRD3|BRD3"
4265.84474949641,0.862461106026358,0.209682929999918,4.1131679437458,3.90266251153591e-05,0.0027091280636272,"gene-LOC115493518|LOC115493518"
3136.69429811561,1.46151226211907,0.250205476613071,5.84124808898257,5.18111793399285e-09,3.0994348993768e-06,"gene-FYB2|FYB2"
44.5936413108336,1.20312652562119,0.426240275551842,2.82264862010878,0.00476287408571534,0.0679326800557306,"gene-PCDH20|PCDH20"
5337.52219662285,0.656997221020358,0.225918437667786,2.90811687528786,0.00363612415176702,0.0573181945715524,"gene-BCLAF3|BCLAF3"
15667.5458097399,1.45754224235153,0.25348055512134,5.75011460604469,8.91829743614041e-09,4.82002125361117e-06,"gene-LOC100220817|LOC100220817"
9310.93278665845,0.499785621486686,0.163336485847587,3.05985290973535,0.00221445719588316,0.0410050938941142,"gene-CLIC4|CLIC4"
1639.32467520527,0.296763824699815,0.0950596813489149,3.12186849870187,0.00179707189598297,0.0359723399496169,"gene-HSF2|HSF2"
742.014220197752,0.596285213751967,0.18280672813476,3.2618340683413,0.0011069391751259,0.0261330897615916,"gene-LOC100229197|LOC100229197"
112.637024695935,1.25417348035363,0.401364170769827,3.12477687768714,0.00177939973490441,0.0357130718677832,"gene-LOC115497013|LOC115497013"
28.6340618376539,3.8132761590976,0.958194540831157,3.97964713490216,6.90176339627158e-05,0.00403028179185155,"gene-LOC140681561|LOC140681561"
3367.06507228867,0.752216225808452,0.200626889508411,3.74932905380521,0.000177308311556734,0.00725190994267043,"gene-DDO|DDO"
129.964338673851,0.665794117944229,0.176400084890535,3.77434125588652,0.000160431026581835,0.00689716683313329,"gene-LOC121469275|LOC121469275"
39.4767855694842,2.20397716688022,0.665824301156137,3.31014828244214,0.000932465587782568,0.0230571923854797,"gene-LOC116808022|LOC116808022"
1289.02563377295,3.42645558275397,0.723935720658323,4.73309367803825,2.21123370734588e-06,0.000315808538031531,"gene-MYH15|MYH15"
61539.1419022714,0.601373153169375,0.22651125595086,2.6549371714218,0.00793231811379891,0.0924101236624612,"gene-C5|C5"
5153.68380813486,0.493177133816741,0.143136334348639,3.4455062445256,0.000569990797394151,0.0164298490227918,"gene-NR3C2|NR3C2"
1645.43270650656,0.261754845943578,0.0931045384594957,2.81140801806834,0.00493251917921911,0.0695512230166322,"gene-ACTR8|ACTR8"
77.1541217238752,3.68907046083603,0.965250208528744,3.8218799936433,0.000132438140199657,0.00624357126368042,"gene-LOC140684638|LOC140684638"
386.215648383979,1.08957889424008,0.350858695374367,3.1054635629808,0.00189981025935219,0.0371391572206465,"gene-IGFBP1|IGFBP1"
657.464793599251,0.303226309429968,0.111479549971865,2.72001734404647,0.00652784922835896,0.0826352368771726,"gene-CLN3|CLN3"
2690.561460981,0.820599929116298,0.265346945534942,3.09255464562428,0.00198441694506467,0.0378690815002064,"gene-NR1H4|NR1H4"
1568.08356302141,0.510662350098844,0.131556637161087,3.88169203104177,0.000103732192384038,0.00531046338528425,"gene-LOC100226935|LOC100226935"
4981.33238696441,0.958249120117227,0.23634970202744,4.05436990991415,5.02696159672314e-05,0.0031759749329682,"gene-CHST4|CHST4"
3888.34226105326,1.00207408031373,0.228418453449247,4.38701017882682,1.14919413681562e-05,0.00111639923492551,"gene-FGFRL1|FGFRL1"
3405.55166747747,0.649843337593693,0.195452800152089,3.32480955549384,0.000884789504167781,0.0222417268547692,"gene-BORCS6|BORCS6"
6473.18301146371,0.41911080497436,0.151988088623211,2.75752401896022,0.00582409343889182,0.0765734196444395,"gene-SARAF|SARAF"
37.5306980271412,1.80579454482568,0.560130235590078,3.22388335798966,0.00126464899990558,0.0285215101573341,"gene-LOC140684948|LOC140684948"
25.5208435641105,2.28633366293382,0.776751273526757,2.94345660040306,0.00324569327001559,0.053099541897455,"gene-PIGY|PIGY"
5649.73374836967,1.56761955154723,0.28099395882001,5.5788372039392,2.42131716439977e-08,1.05903283118948e-05,"gene-FNDC3B|FNDC3B"
125.992369359773,0.778098069437107,0.241349574166197,3.22394631159074,0.00126437102010224,0.0285215101573341,"gene-LOC115496148|LOC115496148"
1574.89629105503,0.397672473121118,0.13577413107233,2.92892666651845,0.00340134659192053,0.0549543721916822,"gene-CRIM1|CRIM1"
4127.16615287514,0.483516203950046,0.178650179499169,2.70649716281026,0.00679971634183463,0.0848423387874493,"gene-SNIP1|SNIP1"
626.920725219271,0.634798598408811,0.169617525206986,3.74252953893862,0.000182177109854999,0.00736209887764919,"gene-ANAPC5|ANAPC5"
10508.8039313959,1.30434655760801,0.384391378527363,3.39327734822012,0.000690616758559412,0.0188308169500533,"gene-LOC100190094|LOC100190094"
1475.9827785776,1.09646587281482,0.248545618865261,4.41152766168542,1.02643837876232e-05,0.00102868158846425,"gene-PIM3|PIM3"
1039.52064193381,1.22014786259176,0.386561787432563,3.15641096005802,0.00159723644851562,0.0333422430627171,"gene-NLRC5|NLRC5"
3139.85395950504,0.423502917732384,0.139616053301485,3.03333970355025,0.00241863167175497,0.0437812835988851,"gene-ZMYND8|ZMYND8"
56.4142017211439,0.783599056083355,0.2986159798143,2.62410289151522,0.00868775356784297,0.0973864998090131,"gene-LOC121469233|LOC121469233"
459.544551406823,2.53806011636491,0.788997937329146,3.21681464080445,0.00129622314571418,0.0290603627616187,"gene-LOC100228937|LOC100228937"
1988.38931178312,0.278803822650836,0.0978295604276274,2.84989344153386,0.00437338783520861,0.0646823368208828,"gene-INTS14|INTS14"
19.9542339737881,1.91897850988427,0.72913623246093,2.63185180553634,0.00849208956084661,0.0965059461506827,"gene-LOC140685219|LOC140685219"
314.972006928591,0.655087046686025,0.233218999857839,2.80889227329395,0.00497122781481465,0.0697862620793971,"gene-LOC105758980|LOC105758980"
1755.87109500616,0.456829034339664,0.16275834235879,2.80679335829444,0.00500373285289463,0.0700476311404758,"gene-FAS|FAS"
2364.49735461837,0.896669595018727,0.216493488516434,4.14178551587551,3.44612535154876e-05,0.00245991579929186,"gene-IRF1|IRF1"
983.508246910116,0.483967173286395,0.13702449328343,3.53197564675775,0.000412467339274564,0.0127645567387362,"gene-SP4|SP4"
5667.39927985143,0.611770070325128,0.220152663356091,2.77884473891467,0.00545525928049077,0.0737714891432619,"gene-DERL3|DERL3"
768.842952535384,0.462238065412522,0.137593518661195,3.35944650525815,0.000780987699863042,0.0205542380209173,"gene-RRM2B|RRM2B"
3116.53320841551,1.84191695776743,0.394091589110181,4.67382965956286,2.95634559224988e-06,0.000385675671099289,"gene-ZBTB16|ZBTB16"
3656.50908345875,0.522948189865306,0.147494131175545,3.54555252942845,0.000391790890084716,0.0123795288701704,"gene-OGA|OGA"
1356.80527629147,0.395737920665014,0.146234912390779,2.70617949021295,0.0068062247596619,0.0848423387874493,"gene-ZMYM2|ZMYM2"
7867.2049883469,0.409890099260989,0.142600325302619,2.87439806600119,0.00404798414037308,0.0619394782570938,"gene-MBNL2|MBNL2"
357.94238287395,0.515645916765411,0.165792391012616,3.1101904835076,0.00186966729553903,0.03692903939905,"gene-WARS2|WARS2"
472.722284077241,0.644863179710697,0.190075872565524,3.39266194602577,0.000692170030023509,0.0188392249358737,"gene-LOC100220107|LOC100220107"
411188.042039779,0.826798066266847,0.224862227609682,3.6769095239153,0.00023607672481935,0.0087562477369883,"gene-FGG|FGG"
19.9480566463528,1.87338693802811,0.580329783351547,3.22814198369906,0.00124597114367243,0.0283112332090014,"gene-LOC140682464|LOC140682464"
414.214901999857,0.491488949743525,0.184875747605711,2.65848255441128,0.00784934143068298,0.0919381454106235,"gene-XRCC4|XRCC4"
26774.9211957632,0.974523069344136,0.216913679546555,4.49267686289458,7.03334639925123e-06,0.000771272688839629,"gene-XBP1|XBP1"
369.437020027798,0.855064958399441,0.286260557827786,2.98701632138174,0.00281714681961812,0.0489459045020448,"gene-TCAF2|TCAF2"
219.859823570904,0.399581050863858,0.150924927769652,2.64754839885507,0.00810777530974181,0.0937318286954338,"gene-ASB1|ASB1"
2860.38329035692,0.519333210331476,0.122997880550484,4.22229397780817,2.41828410469867e-05,0.00186896802185251,"gene-PATJ|PATJ"
17068.1761166953,0.780485248741993,0.205686333740124,3.79454110805486,0.000147916774514842,0.00659470015108772,"gene-SLC7A2|SLC7A2"
726.960791778588,1.40475604658443,0.499609392528129,2.81170864197743,0.00492791189506035,0.0695512230166322,"gene-ATP2A1|ATP2A1"
2456.12792071272,1.53931532346059,0.232083365222724,6.63259653264399,3.29832489323542e-11,6.23919382616645e-08,"gene-LDLRAP1|LDLRAP1"
894.409339237255,0.389935984362363,0.1082989637964,3.60055138750391,0.000317543059478079,0.0106313697324818,"gene-LCMT2|LCMT2"
1138.48000920546,0.647755277797758,0.170608903997736,3.79672609470812,0.000146619638076042,0.00658396137390133,"gene-FOXA2|FOXA2"
135.395609824679,1.10195505644877,0.243871911733772,4.51858128562074,6.22553726264024e-06,0.000697859669596554,"gene-DNAAF8|DNAAF8"
1245.85196706284,0.712187164093043,0.215283423085907,3.30813749560666,0.000939186866209825,0.0231477440494353,"gene-DLL4|DLL4"
1581.14297481607,0.319422208343154,0.117452439917254,2.71958767794173,0.0065363363868351,0.0826352368771726,"gene-EXOSC9|EXOSC9"
877.486911838213,0.664236867776742,0.191883617188458,3.46166534438614,0.000536844244078791,0.0157138567614011,"gene-NEO1|NEO1"
10535.8473160073,0.743217029436821,0.144090391502413,5.15799160296109,2.4961281124845e-07,6.40235707224202e-05,"gene-MIA3|MIA3"
8858.90726191684,0.466099516728381,0.169627985444149,2.7477748763446,0.00600011910707231,0.078001157304587,"gene-CITED4|CITED4"
15578.4754933533,0.530433128734994,0.138464143204604,3.83083386397869,0.000127709717410149,0.00611592137204996,"gene-ATP2A2|ATP2A2"
1362.85478238232,0.315164223428985,0.118031405256762,2.67017259299239,0.00758122669218996,0.0899109329537318,"gene-EZH1|EZH1"
14901.1511067616,0.71863133524284,0.15005885099695,4.78899665343597,1.67617276037259e-06,0.000264224191486649,"gene-NBR1|NBR1"
4199.86607868384,1.21447696720833,0.257574527208089,4.71505074811679,2.41650512920139e-06,0.000335495157066097,"gene-CACFD1|CACFD1"
128.185325922536,3.94345026681693,0.77586298285833,5.08266324588524,3.72179202772833e-07,8.93998075485918e-05,"gene-LOC115490639|LOC115490639"
226.787244967691,0.596963861000068,0.16423347358785,3.63484890113309,0.000278143604773346,0.00981153186721457,"gene-LOC115491015|LOC115491015"
1142.19872726891,0.413054502913248,0.14987140426589,2.75605946935974,0.00585023592761409,0.076811907295592,"gene-MAPDA|MAPDA"
3040.40991809837,0.384057136547902,0.120212422903812,3.1948206954884,0.001399177388532,0.0303059584968809,"gene-EPG5|EPG5"
2339.68152751897,0.858115588919494,0.231990211565462,3.69893015368605,0.000216510167277794,0.00825301854260669,"gene-SMCHD1|SMCHD1"
2127.11820244897,1.32175360960521,0.365571466020415,3.61558199274612,0.000299673603158642,0.0102600919380084,"gene-UCK2|UCK2"
1316.09892672824,0.531406111053306,0.196411166853196,2.70557992993594,0.00681852369565773,0.0849256947213073,"gene-LOC105759171|LOC105759171"
6164.92092603957,0.55363665563834,0.113690556974093,4.86968021244279,1.11778999529367e-06,0.000199006070573872,"gene-GTPBP4|GTPBP4"
1160.50869395011,0.489338930377906,0.163898387663477,2.98562382067259,0.00283000540851681,0.0490970635975131,"gene-RFX3|RFX3"
3015.34641794591,0.495864141731947,0.181115609674676,2.73783216489529,0.00618456293903195,0.0793816717187196,"gene-COIL|COIL"
799.098322605261,0.750298106636116,0.264245005734012,2.83940316885823,0.00451980105116681,0.0658307500551562,"gene-IRS2|IRS2"
853.637660224068,0.719700988192444,0.244719606117656,2.94092083429731,0.00327238155104091,0.0534206580495168,"gene-GLP1R|GLP1R"
42.130056734088,1.15135667867863,0.440636972979725,2.61293706447918,0.00897678309966428,0.0997398374796032,"gene-KLHL10|KLHL10"
524635.615683452,0.976900915865877,0.228445679718045,4.27629411539583,1.90030134152522e-05,0.00158006924182974,"gene-FGB|FGB"
32.3024717975003,1.03889832660753,0.386580708644151,2.68740344093021,0.007200991887916,0.08706957970419,"gene-LOC140685151|LOC140685151"
2539.50897690905,0.795272906354238,0.177164577391609,4.48889342363482,7.15941024473185e-06,0.000779448598802354,"gene-SYVN1|SYVN1"
95.031952189213,1.98508513241683,0.527996493494618,3.75965590089108,0.0001701472211962,0.00709956380279567,"gene-LOC140684224|LOC140684224"
250.228110520221,1.74628616503856,0.557886290788047,3.13018296716314,0.00174697455476309,0.0353435373492378,"gene-LOC115496129|LOC115496129"
509.607496933592,0.709599902273402,0.261847224581574,2.70997679432091,0.00672879157051242,0.0844867382797501,"gene-ATOH8|ATOH8"
1775.00672765093,0.969525960350719,0.341872068616036,2.83593206159119,0.00456921646318588,0.0661683758252555,"gene-PLEKHM3|PLEKHM3"
1515.44296157852,0.42975966094209,0.13862390165084,3.10018442580378,0.00193400179937058,0.0371391572206465,"gene-BCAS3|BCAS3"
2602.98919600906,0.269093338291737,0.0907414654911658,2.96549473644918,0.00302196516525073,0.0509258339039414,"gene-TBC1D12|TBC1D12"
1563.49426249741,0.450541786528452,0.169803204299821,2.65331734101397,0.00797048965710177,0.0926401075122282,"gene-BBS2|BBS2"
2383.21658258102,0.404483306775527,0.144467029216967,2.79983127615959,0.00511293234265974,0.071115813549145,"gene-MED13L|MED13L"
1326.57582010333,0.447314128498127,0.161093498010227,2.7767360819847,0.00549077433251029,0.0738594559767806,"gene-CEP170B|CEP170B"
62.8052041428525,0.922739994441895,0.350961895556806,2.6291742953404,0.00855924793152813,0.0967342038445222,"gene-STRA8|STRA8"
63161.4601334994,0.655308139015975,0.20742703562323,3.15922240824129,0.00158190718738525,0.0331565117267327,"gene-CFH|CFH"
2190.99020460886,0.299700037873515,0.080943679168024,3.70257493795647,0.00021342229142113,0.00818842034570536,"gene-MAPKAPK5|MAPKAPK5"
1020.57132340924,0.322668490828603,0.109400833880921,2.94941527758204,0.00318375851913867,0.052426352198178,"gene-POLR2D|POLR2D"
437.848223497623,0.608195133229318,0.153668434953355,3.95784035552864,7.56304766565837e-05,0.00422440423336846,"gene-TMEM67|TMEM67"
2484.11599813947,0.428438545660718,0.120472478261633,3.55631885259526,0.000376087589938119,0.0119565829801125,"gene-PTPN4|PTPN4"
526.154803110559,0.50067938124127,0.167873014296783,2.98248877783368,0.0028591513013027,0.0492796544904485,"gene-MZT1|MZT1"
170.751949951747,1.26798802385901,0.402797916047562,3.14795080446566,0.00164419362200827,0.0338524926283689,"gene-LOC140682384|LOC140682384"
3813.31815860459,0.571263411009497,0.208081814059697,2.74537884817558,0.00604410793532568,0.078308519369224,"gene-BCAR3|BCAR3"
1260.79246910068,1.14829503082356,0.224770464858711,5.10874518832075,3.24305362893051e-07,8.17952176110089e-05,"gene-FICD|FICD"
3987.59550576049,0.313812490545667,0.118118156858725,2.65676758672253,0.00788938120834522,0.0921219180755311,"gene-GOLGA2|GOLGA2"
793.661284637754,0.905268968523063,0.2611866260125,3.46598515530324,0.000528292447140782,0.0155395729345815,"gene-LOC100229435|LOC100229435"
413.718087210818,0.691048478596606,0.206063332954592,3.35357323735457,0.000797752988818353,0.0207066663668174,"gene-SALL4|SALL4"
11570.0019423445,0.602506666536712,0.127005501531807,4.74394147710067,2.09599425208256e-06,0.000307948359386072,"gene-TMEM106B|TMEM106B"
635.36827953886,0.434405805173621,0.146123641546129,2.97286462736069,0.00295034544005076,0.0500533380541347,"gene-DOLK|DOLK"
363.244171272398,1.18817937587688,0.434856589571824,2.73234763913042,0.00628847492918972,0.0802390312845092,"gene-CYP2W1|CYP2W1"
1636.66943053925,0.429374260927516,0.15391866722656,2.78961784599849,0.00527702879480483,0.0723344898113963,"gene-DSCC1|DSCC1"
9503.36492462391,0.540359004282329,0.151777053969001,3.56021539588383,0.000370550723788866,0.0118278028507825,"gene-DNAJB11|DNAJB11"
1891.36974758166,0.533134624447384,0.17372994332458,3.06875495521994,0.00214952825764899,0.0402090207149599,"gene-PTBP2|PTBP2"
10685.9907198631,1.29138817079437,0.28210410175413,4.57770079472255,4.70114457493259e-06,0.00054997737073431,"gene-UPP2|UPP2"
18111.4392359068,0.33470339381632,0.11948610865489,2.80119084623501,0.00509143988901674,0.0708820237723002,"gene-HECTD1|HECTD1"
26.3563644423921,1.21583591414296,0.438058827229288,2.77550830748713,0.00551154912404995,0.0738892669320002,"gene-FGF13|FGF13"
199.830253389627,1.10151918825284,0.417433551162917,2.63878929995958,0.00832026751649341,0.0952425176453061,"gene-LOC140684578|LOC140684578"
97.4181295261383,0.906494092401122,0.30202758721707,3.0013618979435,0.00268774924307925,0.0476415967767779,"gene-LOC121470115|LOC121470115"
316.992892959873,1.46837326584954,0.459327143096439,3.19679184633172,0.0013896516818185,0.0302149409496543,"gene-LOC140684609|LOC140684609"
1864.9654438754,0.325092294361846,0.115439080786536,2.81613724006509,0.00486048988684801,0.0689351391355866,"gene-ARID4B|ARID4B"
1138.57579560617,0.589133714750353,0.15579572664357,3.78144977043033,0.000155917684515825,0.00679971850080109,"gene-PRKCE|PRKCE"
2891.56050284244,0.751666084869784,0.215590891182267,3.48653916103674,0.000489313737795726,0.0146629401862628,"gene-ZBTB21|ZBTB21"
113.568827924492,1.06798532449427,0.293992682929604,3.63269355499572,0.000280478042245765,0.00983375280089513,"gene-LOC140681988|LOC140681988"
4551.65905891998,0.767153807232666,0.156325357947482,4.90741756363287,9.22834230435324e-07,0.000170307931819241,"gene-LOC100223333|LOC100223333"
497.91747170171,0.453947713902834,0.167261400159469,2.71400163737739,0.00664758376413515,0.0836920841120277,"gene-ANKRD6|ANKRD6"
964.647621126449,0.513996346168518,0.171130439748081,3.00353547226996,0.00266862437621731,0.0474551030379514,"gene-NSUN6|NSUN6"
5063.58228850941,1.00248823846787,0.212878825941104,4.70919657714209,2.48695132035222e-06,0.000342136675735365,"gene-PPM1K|PPM1K"
57.8281321984178,1.17227555608819,0.434925166334076,2.69535002071537,0.00703147244617844,0.0865744417990056,"gene-LOC140684613|LOC140684613"
21709.0871210645,0.972643159014767,0.310233220824499,3.13519988745821,0.00171737049107756,0.0349314081202645,"gene-ST6GAL1|ST6GAL1"
197.64131213908,0.903294297884251,0.315493189935085,2.86311821206065,0.00419494024312986,0.0628251828005156,"gene-LOC116808643|LOC116808643"
8780.18218293487,0.635475488725943,0.204150231934212,3.11278357465068,0.00185331871219209,0.0368189679677632,"gene-CEBPD|CEBPD"
876.43814906577,1.08188337775424,0.249174914832658,4.34186313851381,1.4127953297059e-05,0.00131164611806376,"gene-ABCA12|ABCA12"
17671.6549496001,0.384397998644528,0.114361702374324,3.36124760880466,0.000775912333540815,0.0205476215165139,"gene-DNAJC3|DNAJC3"
4564.04765436182,0.376907740572577,0.0871443717011496,4.32509562252779,1.52465711463852e-05,0.0013899178383027,"gene-LOC100217839|LOC100217839"
247.459687198547,1.81932668934783,0.605802616328428,3.00316743492158,0.0026718538949885,0.0474567664235457,"gene-LOC140681544|LOC140681544"
64.0236275842522,1.20125863984144,0.328388027253977,3.658046396778,0.000254145047536415,0.00920090192432672,"gene-LOC140681760|LOC140681760"
4578.0914917828,0.385727749543247,0.127883985499995,3.01623184509887,0.00255937484029459,0.0457272957003283,"gene-PHAX|PHAX"
1111.47895411421,2.73248422113643,0.541783203352576,5.04350117210669,4.57089966442657e-07,0.000101722683267305,"gene-LOC115491163|LOC115491163"
735.897850339545,0.661610486640609,0.247533195762695,2.67281519394628,0.00752176754097718,0.0894056758270288,"gene-LOC115496828|LOC115496828"
105.17201560618,1.47109856376557,0.377581814645788,3.89610544444683,9.77518445047373e-05,0.0051009609065179,"gene-LOC140681840|LOC140681840"
419.155489207143,0.582219953727693,0.195997131142877,2.97055344806689,0.00297263673581721,0.0503750411233168,"gene-CYP2R1|CYP2R1"
242.628980545949,0.952293384606699,0.350232796443337,2.7190297261632,0.00654737237255076,0.0827056645357352,"gene-LOC115495119|LOC115495119"
138.760249522752,1.08327659146234,0.310844532756758,3.48494658038597,0.000492235302047954,0.0147213376005764,"gene-SEMA3C|SEMA3C"
1250.31753527304,0.377194388582888,0.121677222534727,3.09995889719817,0.00193547499437915,0.0371391572206465,"gene-KLHL20|KLHL20"
573.594383407672,1.54184197028491,0.364287492316453,4.23248671119766,2.31121573142383e-05,0.00182164727414775,"gene-LOC115496557|LOC115496557"
1044.58542312702,0.808585591869099,0.21016940900677,3.84730392348895,0.00011942478600188,0.00584872261024741,"gene-METTL23|METTL23"
9885.76444760996,0.706890700786734,0.130907665125989,5.39991833256214,6.6671240857826e-08,2.19333888674235e-05,"gene-GPC4|GPC4"
18841.4834823479,0.594198032397746,0.137792089277294,4.31227972167528,1.61579831491723e-05,0.00143730723083709,"gene-ST3GAL2|ST3GAL2"
111.969861795317,1.93457317983248,0.587995025759351,3.29011827495331,0.00100145278607517,0.0243784391845483,"gene-AKAP5|AKAP5"
6175.15405406371,0.28116099816884,0.100071421656542,2.80960331645752,0.00496025955816056,0.0696969432624362,"gene-MAN2A1|MAN2A1"
8642.80720108927,0.761667342860323,0.163954331984082,4.6456066981766,3.39078463944789e-06,0.00042407226403938,"gene-BNIP3|BNIP3"
3326.7396258058,0.359683603823297,0.129143306332181,2.78515096166209,0.00535028073948769,0.0730079336615574,"gene-DCUN1D1|DCUN1D1"
30.7715699194652,1.44108950172366,0.402868003078002,3.57707609120956,0.000347459054927267,0.0113077373725039,"gene-LOC140684820|LOC140684820"
2301.99677396109,0.382491364316337,0.140085491168293,2.73041384319257,0.00632548645730642,0.080507642185381,"gene-DOCK1|DOCK1"
49.8583788249887,1.56563076129298,0.353472956965154,4.42928017672177,9.4548128201792e-06,0.000973331172841985,"gene-LOC140684548|LOC140684548"
3058.99957840356,1.11569753024069,0.281448809357644,3.96412240217702,7.36664492477239e-05,0.00420468085406053,"gene-BMF|BMF"
3556.59551321633,0.408083802914885,0.153177926071984,2.66411625604013,0.0077190880784808,0.0908343389515163,"gene-WWC3|WWC3"
222.207864975647,2.03643050454411,0.477410019142454,4.26557973836001,1.99383786159701e-05,0.00162662061267214,"gene-FST|FST"
2264.08673895605,1.41554465003889,0.403473064550153,3.50839938129981,0.000450811727063301,0.0137980797485844,"gene-IL1R2|IL1R2"
228.042412014867,0.708914996475276,0.238368261864564,2.97403266244425,0.00293913787645525,0.0499391632612378,"gene-LOC121469478|LOC121469478"
42.2737395867566,1.08458605893963,0.403266310898958,2.68950326279891,0.00715584475057177,0.0867703514506431,"gene-LOC105758620|LOC105758620"
468.257229833654,0.836956446315482,0.150084302606895,5.57657550974975,2.45299464005557e-08,1.05903283118948e-05,"gene-LOC105760548|LOC105760548"
5718.37384061557,0.633850005472937,0.12623344245893,5.02125263421505,5.13355856160459e-07,0.00010941710100389,"gene-IRS4|IRS4"
902.299053796055,0.790936699119478,0.296514822430128,2.66744405098284,0.00764306136772605,0.0903612872482799,"gene-UBE2L6|UBE2L6"
12110.5589295444,0.595676551057998,0.154902567610262,3.84549178394985,0.000120310895988463,0.00587311222255937,"gene-STAT3|STAT3"
1990.64308720883,0.343683906255049,0.0847689673563379,4.05435995003132,5.02717576497451e-05,0.0031759749329682,"gene-GABARAPL2|GABARAPL2"
1663.12483244363,0.348509855033457,0.0852214719317368,4.08946063865943,4.32377430559331e-05,0.00289034208973019,"gene-CNEP1R1|CNEP1R1"
35.2970056568428,1.28949774852451,0.37126276008325,3.47327523028531,0.00051414781266132,0.0152262208395377,"gene-LOC140683741|LOC140683741"
1116.58138422343,0.382121837332027,0.145550058910129,2.62536367345596,0.00865564624819169,0.0973149291782206,"gene-USP46|USP46"
707.158096886296,1.10656824967584,0.322847870831196,3.42752221604219,0.000609116461428418,0.0171652875433822,"gene-LOC121470626|LOC121470626"
117730.170113264,0.776466748536046,0.153687366839814,5.05224836954454,4.36639396418912e-07,9.86218505374238e-05,"gene-SLC38A4|SLC38A4"
1187.54657191649,0.727993792657217,0.159066603198158,4.57666020409272,4.7245792767766e-06,0.00054997737073431,"gene-CCDC77|CCDC77"
359.17161513862,0.72470444110804,0.199099689429614,3.63990744126319,0.000272736061311389,0.00969688465346824,"gene-UBE3D|UBE3D"
469.196151687689,0.745875346240326,0.193023344742224,3.8641717002491,0.00011146679665099,0.00560407652398484,"gene-LOC140684991|LOC140684991"
370.204294882071,0.614851559631037,0.220549157577398,2.78782093926278,0.00530638645829338,0.072474319741294,"gene-CPTP|CPTP"
141.431910592812,1.95678635310145,0.529920627358774,3.69260272591095,0.000221970632836836,0.00837000171950567,"gene-LOC140681585|LOC140681585"
4456.80896266148,0.409098237907959,0.112934701525342,3.6224316563688,0.000291846582596128,0.0100770130108474,"gene-STARD13|STARD13"
975.591056961141,0.477211294727964,0.127522465010896,3.74217432737979,0.000182434882648414,0.00736209887764919,"gene-PITPNM3|PITPNM3"
2528.42969541012,0.804658226197857,0.220259726636769,3.65322448404207,0.000258967638606185,0.00933085065482713,"gene-TMEM63A|TMEM63A"
4990.65378006074,0.375001161603796,0.105878279732501,3.54181388809136,0.000397385745960657,0.0124764284100054,"gene-MBTD1|MBTD1"
4211.38736144327,0.423573807924785,0.118990880945774,3.55971654767238,0.000371255293340492,0.0118278028507825,"gene-XPNPEP3|XPNPEP3"
2531.9748279637,0.424265967388361,0.107616974224726,3.94237034115461,8.06802683970003e-05,0.00435631727535808,"gene-GTPBP1|GTPBP1"
20.8398595027436,3.41470012660217,1.28430833564105,2.65878530243889,0.00784229203175079,0.0919267275882918,"gene-LOC115494729|LOC115494729"
10802.085629946,0.378656156976221,0.138700454669729,2.73002823154307,0.00633289020268586,0.0805341407035673,"gene-KLHL24|KLHL24"
1339.31329762269,0.873125892980178,0.276940085441424,3.15276097206539,0.00161734180888439,0.0335468645226726,"gene-PTPN14|PTPN14"
2118.02356570289,0.34917177932882,0.125686911060241,2.77810773121366,0.00546764869012958,0.0737714891432619,"gene-UTP18|UTP18"
90.7089382597232,1.23633848833119,0.387468786127246,3.1908079633676,0.00141875547218984,0.0304971968191034,"gene-BCL2L11|BCL2L11"
40.8637520380074,1.56999541844292,0.527057514002489,2.97879335126129,0.0028938587328016,0.0497080183921527,"gene-LOC121469436|LOC121469436"
103.174408835644,1.36298023979062,0.453342282251765,3.00651470897586,0.00264261268426999,0.0470478326483033,"gene-GPR179|GPR179"
23644.9973656486,0.990862054025677,0.33845558358021,2.92759848587593,0.00341590856712655,0.0550510589417744,"gene-FKBP5|FKBP5"
5383.13215270035,0.505448982806841,0.160697482234003,3.14534475450475,0.0016589121332716,0.0339787935946288,"gene-SLC4A4|SLC4A4"
1181.84212759832,0.569211011977142,0.206960728602098,2.75033343679179,0.00595346499307242,0.0776830938205678,"gene-CCDC152|CCDC152"
1415.69462998056,0.240679957743354,0.0877513858321421,2.74274822512485,0.00609273810833771,0.078603073992732,"gene-NANP|NANP"
1099.66024225439,0.66659060862349,0.159624962898995,4.17597972470812,2.96706248097142e-05,0.00220100767277159,"gene-SLC7A6OS|SLC7A6OS"
3272.50949021434,1.35222004096942,0.435288678213368,3.10649026416118,0.0018932254265951,0.0370636227434199,"gene-LOC140682088|LOC140682088"
3069.16213532517,2.44880386003827,0.596133635122626,4.10781025555544,3.99428029354983e-05,0.00276006592156573,"gene-ZPLD1|ZPLD1"
362.132270877854,0.527372869699921,0.194638964602175,2.70949278207386,0.0067386171349804,0.0844867382797501,"gene-BRCA1|BRCA1"
87.0699698743489,4.11020961973887,1.2754314699604,3.22260326528284,0.00127031366824333,0.0285641259160867,"gene-GPM6A|GPM6A"
31.4112834836033,2.51308291076412,0.72418041157758,3.47024425210499,0.000519985272284746,0.0153390587241424,"gene-LOC116808080|LOC116808080"
2411.98833696586,0.344993552850255,0.118231555697928,2.9179481807013,0.0035234289840317,0.0562447793410883,"gene-STK11|STK11"
109.644839738723,4.11137216940072,1.22604152626709,3.35337105743764,0.000798336016228538,0.0207066663668174,"gene-LOC105760019|LOC105760019"
3674.16375026621,0.376627163883437,0.112003500553496,3.36263743563575,0.000772016860377502,0.0205323921759099,"gene-MYO1E|MYO1E"
516.413035864573,1.11717176685936,0.30760219701873,3.63187187116005,0.000281372825136298,0.00983375280089513,"gene-LOC140684542|LOC140684542"
2599.50064284831,0.745023217616305,0.199436789168691,3.73563584091868,0.000187241469045017,0.00747692033717997,"gene-PDCD2|PDCD2"
160.763282145232,0.698487202522855,0.224506290709241,3.11121439099213,0.0018631961337742,0.03692903939905,"gene-ARL2BP|ARL2BP"
679.368571480939,1.05679348291324,0.210188065060039,5.0278472405718,4.96016753866561e-07,0.0001081221947431,"gene-FOSL2|FOSL2"
511.557184816959,0.553850946787828,0.189104565356498,2.92880790975995,0.00340264631887968,0.0549543721916822,"gene-LOC115496885|LOC115496885"
329.524620104367,1.62804327678035,0.558385658062788,2.91562516564007,0.00354976689290357,0.0565459183055892,"gene-LOC121470562|LOC121470562"
741.676395289463,2.3875041619596,0.87080985134352,2.74170550353337,0.00611211137955691,0.0787187927717743,"gene-LOC140682247|LOC140682247"
1251.65530087829,0.85747316857057,0.155038533789939,5.53070999582826,3.18937231091136e-08,1.23755823541081e-05,"gene-TRMT10A|TRMT10A"
8938.53174121698,1.02663485197916,0.27715499640199,3.70419030977928,0.000212067010112773,0.00816592891612366,"gene-PPP1R3C|PPP1R3C"
67.5702531682065,1.67436204707161,0.442515917403102,3.78373292625851,0.000154493603387298,0.00675708583832366,"gene-LRRC31|LRRC31"
774.846153579849,1.1357517441498,0.351806937975622,3.22833810693211,0.00124511713594005,0.0283112332090014,"gene-MATCAP1|MATCAP1"
2295.96038895915,0.515867180328647,0.137211115726376,3.75966026948851,0.000170144250217367,0.00709956380279567,"gene-HSBP1L1|HSBP1L1"
11275.26949931,0.682466661524094,0.167834111486873,4.06631676646658,4.77620057300081e-05,0.00309069295738571,"gene-LPGAT1|LPGAT1"
4505.68155050175,0.528644820577959,0.165252720287625,3.19900828051631,0.00137901207969857,0.0300700141240324,"gene-MAP3K13|MAP3K13"
1546.43730463833,0.340468820639782,0.124121154125801,2.74303621359099,0.00608739717597451,0.0786011787235685,"gene-HPS3|HPS3"
110.11294162209,1.05152101706866,0.345204878764943,3.04607808797702,0.00231847613140598,0.0423737914209743,"gene-STXBP5L|STXBP5L"
722.968764849803,1.14884663970616,0.316623047604932,3.62843655380274,0.000285142804102138,0.00991969207925898,"gene-LOC140681163|LOC140681163"
17771.3022280532,1.02858986097406,0.220774208912253,4.6590127807133,3.17729477472116e-06,0.000407474591744537,"gene-HERPUD1|HERPUD1"
11630.8028783936,1.22698367097886,0.213028865451234,5.75970617117958,8.42604833525342e-09,4.72264405397741e-06,"gene-KCNT2|KCNT2"
259.92150140698,1.54444440792197,0.353186974397423,4.37288042843869,1.22617889628717e-05,0.00115973532734461,"gene-LOC115497946|LOC115497946"
5607.97565696918,0.829683681250635,0.198846345149084,4.17248645243434,3.0129351932084e-05,0.0022241340623816,"gene-SMURF1|SMURF1"
753.83908974011,0.335479731638621,0.120257047546703,2.78968874159607,0.00527587352462659,0.0723344898113963,"gene-ALKBH8|ALKBH8"
2248.2576015678,0.61557562335797,0.154943908086941,3.97289335836658,7.10048434220289e-05,0.00408561329089568,"gene-SETD1B|SETD1B"
780.290044607631,0.803688151866061,0.198760510685196,4.04350013539143,5.26591258089825e-05,0.00330659979613001,"gene-LOC140685002|LOC140685002"
4011.85183075598,0.993704788663351,0.138162894762573,7.19226960589522,6.37230400835022e-13,1.92864153116728e-09,"gene-EIF2AK3|EIF2AK3"
333.620106875707,1.21494673396171,0.455683864022291,2.666205301275,0.0076712830331758,0.0905534525281196,"gene-LOC115495650|LOC115495650"
101.272969808827,1.69772907572167,0.627327383805622,2.70628880477456,0.00680398451153112,0.0848423387874493,"gene-LOC121470428|LOC121470428"
28.6298750966237,1.95099615101291,0.521847668448575,3.7386315374621,0.000185024676298423,0.0074406568620429,"gene-LOC116808104|LOC116808104"
3154.07155985827,0.328029763184892,0.0887043392875552,3.69801258675193,0.000217294116823208,0.00826209012534074,"gene-ZDHHC7|ZDHHC7"
557.790549909684,0.647367101776386,0.187176366820888,3.4585942273143,0.000543002296322931,0.0158634242282913,"gene-PTCH1|PTCH1"
3472.79119280182,0.386218563734923,0.127766015971276,3.02285831485698,0.00250399449621703,0.0450570139253892,"gene-DELE1|DELE1"
427.845390050217,1.93755593021827,0.392791323563493,4.93278698887827,8.10645451988832e-07,0.000153343720311837,"gene-LOC100222926|LOC100222926"
863.364288342811,0.579881811111482,0.147187674902914,3.93974435355389,8.15684834826863e-05,0.0043772193636294,"gene-TMEM192|TMEM192"
694.391891267875,0.78612315102769,0.189640826642379,4.14532653620069,3.39329799344335e-05,0.00244527516832277,"gene-TBCCD1|TBCCD1"
2263.40883539246,0.242702615842521,0.0922296227479584,2.63150394213115,0.00850078809349501,0.0965059461506827,"gene-PPP2R2A|PPP2R2A"
56.1718368402346,1.83930752422485,0.636427283319187,2.890051341973,0.00385178912781394,0.059906603156432,"gene-PCSK2|PCSK2"
9505.18149285331,0.702536800813178,0.174396071899011,4.02839807779616,5.61581971928244e-05,0.00345464226877647,"gene-LOC100227703|LOC100227703"
1567.99742910653,0.54960218294768,0.187445087003783,2.93207035581886,0.00336710457908798,0.0547286361248169,"gene-RFT1|RFT1"
1421.74303831323,0.513978497096318,0.142929746197492,3.59602189726225,0.000323120612552354,0.0107467785269336,"gene-REV1|REV1"
3244.37357342427,0.45559210775015,0.138930071128469,3.27929082630974,0.00104068327417401,0.0250572361558509,"gene-TXNDC11|TXNDC11"
19528.7132247172,0.884352274310794,0.214130425505251,4.12997019094377,3.62810273164035e-05,0.00255367807618202,"gene-ARRDC3|ARRDC3"
414581.876068664,0.835394389389793,0.223476860045937,3.73816953226421,0.000185364939998029,0.0074406568620429,"gene-FGA|FGA"
210.039033055252,1.11770969169143,0.399902487929968,2.79495558399017,0.00519068461396205,0.0716702830867589,"gene-LOC140682199|LOC140682199"
1456.05871170073,0.437060294023361,0.158479546265027,2.75783408221311,0.00581857227814157,0.076567351552275,"gene-UBALD1|UBALD1"
89875.1183074471,1.20075001925307,0.222142391847897,5.40531687475135,6.46939178734633e-08,2.19333888674235e-05,"gene-HSPA5|HSPA5"
1310.59308406366,0.392859906766519,0.0974208934367915,4.03260422797717,5.51621362388713e-05,0.00341603977724064,"gene-PPP3CB|PPP3CB"
1064.60413859801,0.835400089724125,0.132052834216349,6.32625641609059,2.51180296926104e-10,2.3756946458642e-07,"gene-F2RL1|F2RL1"
1756.67518522295,0.297237027928519,0.0838432281846861,3.54515247520979,0.000392386033199229,0.0123795288701704,"gene-ZRSR2|ZRSR2"
212.130209976862,0.853890807381682,0.271180530131482,3.14879098056071,0.0016394741318431,0.0338013106773592,"gene-LOC140684544|LOC140684544"
306.741276832593,1.15702771739687,0.201852644173739,5.73204142127063,9.92290310144172e-09,5.17804457359026e-06,"gene-KCNN2|KCNN2"
7018.1516504934,1.86944772424513,0.480720823784221,3.8888428205146,0.000100723320441321,0.00522002057615931,"gene-TENT5A|TENT5A"
168.311682440873,1.11158204379187,0.280703457941049,3.95998699818409,7.49538441236112e-05,0.00422440423336846,"gene-LOC121468225|LOC121468225"
1353.63429070921,1.07465754350967,0.377339632804819,2.84798481283715,0.00439970240987928,0.0646823368208828,"gene-PLAU|PLAU"
564.105562084102,1.34796413675458,0.392347318692238,3.43563998665158,0.000591155966009183,0.0168352973858147,"gene-LOC140681874|LOC140681874"
1021.74148458563,0.423408448209784,0.153957741263304,2.7501601721063,0.00595661404147296,0.0776830938205678,"gene-DBF4|DBF4"
101.055363702221,0.758576480357797,0.255077169896245,2.97390974137887,0.0029403155002817,0.0499391632612378,"gene-SYCE3|SYCE3"
124.17394695902,0.966790567851001,0.315043531125931,3.06875232256253,0.00214954719873142,0.0402090207149599,"gene-LOC121468223|LOC121468223"
918.842248174141,0.697412684668045,0.178358667880442,3.91016984459392,9.22312458906893e-05,0.00484630362522153,"gene-LOC105758733|LOC105758733"
1214.55261862099,2.05892539471469,0.437736361119905,4.70357406327208,2.55646298286656e-06,0.000348531119997475,"gene-DIO3|DIO3"
7623.13673536873,2.26282560793898,0.454511974725337,4.97858303800776,6.40514625253696e-07,0.000129238770986189,"gene-CNTRL|CNTRL"
12354.537525702,0.35202760059768,0.119127225693104,2.95505581154534,0.0031261249304501,0.0518285231187145,"gene-SQSTM1|SQSTM1"
632.154242234361,0.990169899941072,0.344790579886798,2.87180090670158,0.00408140010961377,0.0621366477452567,"gene-ELAVL3|ELAVL3"
9210.99480926689,0.44226298353597,0.133493321598971,3.31299707160316,0.000923019463324489,0.0229360485032668,"gene-H3-3B|H3-3B"
59.2180657606947,1.51720237581486,0.472492743723999,3.21105963206309,0.00132246488914272,0.0294306781873482,"gene-KBTBD13|KBTBD13"
3578.36197654658,0.637166083002022,0.147547612189467,4.31837610617401,1.57181414523378e-05,0.00141584901546564,"gene-ELL|ELL"
810.530665858062,0.683350597768434,0.226235929340195,3.02052198234555,0.00252339390315719,0.0452983629139712,"gene-LOC115493072|LOC115493072"
880.483188528823,1.39411683622391,0.352504161243108,3.95489469204434,7.65683703363268e-05,0.00422440423336846,"gene-GCHFR|GCHFR"
20676.7335093182,0.999319154400322,0.24481052311416,4.08201061657109,4.46477567357065e-05,0.00292491126701925,"gene-YPEL1|YPEL1"
13153.9547247862,0.429747157852858,0.159251532439776,2.69854331238774,0.00696436747094918,0.086139659576774,"gene-PROX1|PROX1"
636.224470081046,0.944443689622322,0.292216012028375,3.23200526578473,0.00122924790840971,0.0281425243539549,"gene-LOC105759305|LOC105759305"
44.2610551420252,1.37999888152585,0.407070437841417,3.39007393620525,0.000698737756801103,0.0189838392705046,"gene-LOC140683720|LOC140683720"
33.3014858272521,1.32232264363832,0.49477170238428,2.67259149475629,0.00752678457699297,0.0894056758270288,"gene-EEF1A2|EEF1A2"
2667.66139018065,0.827657253548794,0.285286214230042,2.90114703152606,0.00371799380564602,0.0582447207669164,"gene-NAV2|NAV2"
3824.50488125605,1.24679665673951,0.398001248674992,3.13264508815057,0.00173238782182504,0.0351423926376386,"gene-NFKBIZ|NFKBIZ"
96.260625457209,1.43141330622172,0.505402034830415,2.8322270342699,0.00462250147776614,0.0667420383786677,"gene-LOC140684342|LOC140684342"
90.7971546434143,0.947717723442498,0.361149000995359,2.62417373668625,0.00868594659224215,0.0973864998090131,"gene-SERINC4|SERINC4"
353.680573167971,0.927606288768065,0.217572529628257,4.2634347743852,2.01308281940524e-05,0.00162662061267214,"gene-ACCS|ACCS"
131.117944921874,1.80671744700396,0.541849144832605,3.33435507693219,0.000854974400393873,0.0216722405379573,"gene-POPDC3|POPDC3"
77.5315115507043,1.09785985882697,0.293934842454778,3.73504498363741,0.000187681636228998,0.00747692033717997,"gene-DZIP1|DZIP1"
343.892339379594,0.866536760737154,0.248910546214871,3.4813179831646,0.000498952767514159,0.0148928051889384,"gene-BACH2|BACH2"
2122.39219318969,0.599960270453471,0.14676066456855,4.08801821807802,4.35073993526688e-05,0.00289034208973019,"gene-INVS|INVS"
1676.29463845417,0.323032196644158,0.122612976733447,2.6345677696612,0.0084244484559981,0.0959993813890206,"gene-ALG2|ALG2"
23616.0552269455,0.480756322274028,0.164039166392867,2.93074107145019,0.00338154506069455,0.0547303972229847,"gene-SERPINA10|SERPINA10"
2224.62729712574,0.639410131926206,0.125266322709109,5.10440570216971,3.31835689652602e-07,8.23224506805382e-05,"gene-CDC23|CDC23"
343.687058246803,0.693423096978128,0.233877100647403,2.96490376808435,0.00302777625400055,0.0509670056193441,"gene-INTU|INTU"
791.635139881807,0.320307579620833,0.110294955282337,2.90409999986762,0.0036831050053541,0.0577579565243768,"gene-PFDN4|PFDN4"
1706.71904515167,0.342423607821173,0.106670160795705,3.21011616807238,0.00132681338436339,0.0294840924310885,"gene-FRG1|FRG1"
1622.3132451845,0.877026891601246,0.274739713307362,3.19221011423304,0.0014118858638351,0.0304627821390626,"gene-LOC115493851|LOC115493851"
2256.61974602294,0.436006782480678,0.162038883852704,2.69075404689294,0.00712907322422531,0.0867413864974103,"gene-IGDCC4|IGDCC4"
181.588326913311,1.22186689310811,0.357984433224582,3.41318442844573,0.000642084734642601,0.0178615225907104,"gene-LOC140685087|LOC140685087"
2809.19761328574,0.479669620448423,0.177978745410843,2.69509496395854,0.00703685725936689,0.0865744417990056,"gene-JMJD6|JMJD6"
3264.20832929438,0.290063426101576,0.100997375683028,2.87198973379187,0.00407896218033446,0.0621366477452567,"gene-SLU7|SLU7"
3401.3189394869,1.04513091624532,0.19131819767071,5.46278884585855,4.68712001378936e-08,1.73000456508962e-05,"gene-HDAC4|HDAC4"
1778.35673604647,1.34391269494104,0.350974051128264,3.82909417554036,0.000128615785784373,0.00613762021528424,"gene-CLSTN2|CLSTN2"
5496.10203427228,0.594304820329018,0.163422358499456,3.63661879430651,0.000276240275872558,0.00978716943759436,"gene-JMJD1C|JMJD1C"
44.6895394530657,1.09303757689632,0.38593667034869,2.83216823088816,0.00462335169473823,0.0667420383786677,"gene-KCND2|KCND2"
610.302796374022,1.24236370360749,0.420091643432725,2.95736352538622,0.00310282069327892,0.051655649671496,"gene-LOC121468800|LOC121468800"
1450.89789786643,0.403874511725757,0.143040272476956,2.82350211399954,0.00475021126776065,0.0678800256043643,"gene-JPT2|JPT2"
249.286092501188,0.722873757147627,0.264312384974198,2.73492200230494,0.00623950589025817,0.0797108382835901,"gene-ANKRD31|ANKRD31"
1408.4028110621,0.646232615699132,0.218195177460573,2.96171814253733,0.00305927696073045,0.0513259847524765,"gene-NRG2|NRG2"
153.282639290912,3.36731663053375,0.814112991152982,4.13617847537946,3.53137570845699e-05,0.0024972106820598,"gene-LOC121470441|LOC121470441"
53.7289762319604,1.87297260413094,0.393290781131501,4.76230995992934,1.91389406915217e-06,0.000286761969786928,"gene-LOC140680290|LOC140680290"
72.471408724304,1.66263449914878,0.474699196685014,3.50250118550763,0.000460911732380598,0.0140059784058546,"gene-LOC115497360|LOC115497360"
649.829626224234,1.78988922126215,0.55426072106161,3.22932719791845,0.0012408184249475,0.0283112332090014,"gene-LOC100220412|LOC100220412"
15083.6994071395,0.291524741201385,0.102349025962315,2.84833918506194,0.00439480579981723,0.0646823368208828,"gene-PPM1B|PPM1B"
210.221588096249,0.729813119156593,0.227556134033926,3.20717840569302,0.00134043839006874,0.029648368815552,"gene-KIF9|KIF9"
10254.8453756677,0.391512595801456,0.128115876136816,3.05592567921369,0.00224366863256268,0.0413561966097089,"gene-SPTBN1|SPTBN1"
21187.1569476234,0.712070556555609,0.203024086939343,3.50732057112195,0.000452643496518068,0.013810189582274,"gene-RPS6KA6|RPS6KA6"
372.734144333938,1.19889020327992,0.42525186624646,2.81924736477251,0.00481364065597078,0.0683759935116658,"gene-EHF|EHF"
10086.9727929748,0.487201722749409,0.162331827965386,3.00127047699662,0.00268855637661854,0.0476415967767779,"gene-CREB3|CREB3"
8424.23908584423,0.245778809304933,0.0913569278323089,2.69031386164905,0.00713848458794347,0.0867413864974103,"gene-FNBP1L|FNBP1L"
5541.66192408145,0.594358169989224,0.160977800029467,3.6921747587582,0.000222344590711774,0.00837000171950567,"gene-SALL1|SALL1"
3136.42288305606,0.525410609740686,0.156515526265415,3.35692325405281,0.000788149862936752,0.0206350724495188,"gene-CREBRF|CREBRF"
5692.00831959008,0.553086514552919,0.145076349563344,3.81238235051831,0.000137633746957544,0.0063115499779046,"gene-TBC1D15|TBC1D15"
17.3905196351093,1.793903046422,0.630853083377598,2.84361461279925,0.00446049636464252,0.0650922772286743,"gene-LOC115496319|LOC115496319"
1143.93556997116,0.3098210410431,0.117343179140069,2.64029868044802,0.00828329896658332,0.0950349986818085,"gene-RAB40C|RAB40C"
1856.43243318459,0.954731459076491,0.256764078521039,3.71832175503577,0.000200550726357364,0.00783964796647292,"gene-PROSER2|PROSER2"
17057.0434567441,0.283107085707715,0.0980434593720552,2.8875672841508,0.00388233561315495,0.060257830598845,"gene-NCL|NCL"
856.883458470942,1.07674549633088,0.375346520606034,2.86867051436194,0.00412200947479834,0.0623160533287945,"gene-CYP2AC7|CYP2AC7"
4346.33743805668,0.587215082438165,0.220177244100859,2.66701077505163,0.00765292182395648,0.090407233381681,"gene-SYNE2|SYNE2"
721.786399074993,0.8278400481395,0.216927561200336,3.81620502050902,0.000135519913412535,0.00627617892064354,"gene-OTUD1|OTUD1"
3158.94195503758,0.42179251441766,0.146570487035451,2.877745192425,0.00400528514013081,0.0616181997322206,"gene-FRYL|FRYL"
13126.5977984894,0.83750473738674,0.263432696399901,3.17919813611662,0.0014768310358255,0.0314330296274926,"gene-LOC140683764|LOC140683764"
3059.78433406306,0.44744208297489,0.170375400749648,2.62621294509744,0.00863407835480235,0.0972658933362621,"gene-NFYB|NFYB"
824.005609257188,0.471550914623469,0.144227630123491,3.26949083348119,0.00107741228134387,0.0256859876353539,"gene-ZNRF3|ZNRF3"
11939.0079072178,0.437286277849264,0.134398505332069,3.25365432278303,0.00113930823900996,0.0266347924786072,"gene-EIF3E|EIF3E"
1689.38218438316,1.05657771965345,0.360872205634468,2.92784454761716,0.00341320650694652,0.0550510589417744,"gene-P4HA2|P4HA2"
1661.38662790877,0.389049865573526,0.137446669262434,2.8305514252273,0.00464678405164459,0.0669712219557501,"gene-BBLN|BBLN"
3784.56956110522,0.758095294251421,0.259751087554172,2.91854521722962,0.00351668867914743,0.0562447793410883,"gene-CUX2|CUX2"
13677.0405988997,1.52730834756741,0.317187554983395,4.81515848768835,1.47083107232943e-06,0.000239334264704959,"gene-MAN1C1|MAN1C1"
78.8571551915247,1.12169978125025,0.359259535138772,3.1222547254507,0.00179471581656009,0.0359723399496169,"gene-LOC140682382|LOC140682382"
49.6362505906501,2.46618462648654,0.618759276334203,3.98569317796297,6.72834104099763e-05,0.00394651104548128,"gene-LOC121470057|LOC121470057"
1088.77867177976,0.784321251741527,0.295339558669065,2.65565932066817,0.00791535338824233,0.0923539266185591,"gene-KPNA7|KPNA7"
378.369156241857,0.70392923337667,0.19013780133578,3.70220560262787,0.000213733300505757,0.00818842034570536,"gene-HEMK1|HEMK1"
15079.0615964129,0.406977975946406,0.150823735184326,2.69836823394558,0.00696803167446482,0.086139659576774,"gene-SEL1L|SEL1L"
90.8995265849582,1.30803736246235,0.389552017097422,3.35779897177435,0.00078565728882168,0.020605462308039,"gene-LOC115496760|LOC115496760"
23205.019496644,0.521626808218648,0.186460296452342,2.79752214355174,0.00514962371864887,0.0714457189096802,"gene-HMOX1|HMOX1"
2888.90849782177,0.326755088527791,0.104421119773798,3.12920498492663,0.00175279984202039,0.0354140454062678,"gene-FBXO9|FBXO9"
2830.91495848573,0.486085753660156,0.132354845002921,3.67259508822232,0.000240099765104999,0.0088620237691072,"gene-CEP89|CEP89"
44.0844197822199,0.994844896427806,0.331759963759174,2.99868882656971,0.00271144079106858,0.0477674429467297,"gene-KCNJ2|KCNJ2"
79.051866736945,25.9158898148007,2.95686831835322,8.76464117591619,1.8737248609368e-18,2.83550783205566e-14,"gene-LOC140685158|LOC140685158"
786.885223003606,0.543353075736783,0.179416915623036,3.02843839361499,0.00245821192787501,0.0443386425560579,"gene-POLD4|POLD4"
162.390520467554,0.558666502379419,0.196163312208992,2.84796629955054,0.00439995835683318,0.0646823368208828,"gene-SPRY2|SPRY2"
1893.1325006621,0.325676656976224,0.0966035783187247,3.37126908386061,0.000748227359062148,0.0200196091682775,"gene-SAAL1|SAAL1"
51.7340509707198,1.59517555912007,0.273301891672668,5.83667953908858,5.32513760548449e-09,3.0994348993768e-06,"gene-LOC140681869|LOC140681869"
2668.59341853575,0.470572806049113,0.150934206444554,3.11773465494701,0.00182246802777048,0.0363844441480879,"gene-FBXO7|FBXO7"
29925.7911416779,0.499008596989253,0.180447836664141,2.76538974483819,0.00568548211635334,0.0755228659731168,"gene-PDIA4|PDIA4"
222.043936092061,1.66342416484755,0.534951968705195,3.1094832100043,0.00187414935957645,0.03692903939905,"gene-GALNT14|GALNT14"
10459.4348490901,0.408867067465614,0.0967864112534501,4.22442636492568,2.39550157961638e-05,0.00186896802185251,"gene-C2H6orf62|C2H6orf62"
89.0279213832899,1.05691781379972,0.367591809802759,2.87524853822733,0.00403709576095078,0.0618380620407504,"gene-LOC140684474|LOC140684474"
4995.69103689244,0.506548445159082,0.168915219276032,2.99883247542845,0.00271016278925646,0.0477674429467297,"gene-NSD3|NSD3"
34087.7122734152,0.535749534726352,0.200067026486808,2.67785023916311,0.00740963401414879,0.0886403095147144,"gene-LOC116807842|LOC116807842"
2158.79167169236,0.396385108389328,0.106911765583018,3.70759107968834,0.000209240171493319,0.00809829032022608,"gene-USP32|USP32"
4065.40019437861,0.51956212456154,0.136486899755708,3.8066812675171,0.000140844071645196,0.00641985944640586,"gene-NECTIN1|NECTIN1"
670.834216882628,0.437696106654727,0.166555068093868,2.62793628356027,0.00859046045908645,0.0969421611687959,"gene-CFAP418|CFAP418"
84.7008276947257,0.952356400318225,0.232262553427666,4.10034414184987,4.12536198057591e-05,0.00281212175009258,"gene-LOC115491283|LOC115491283"
530.16838313933,1.54836285713844,0.34940559351006,4.43141977660945,9.36146419485625e-06,0.000970322175758628,"gene-CHKA|CHKA"
52.7678722146499,1.4442392854588,0.464418750362556,3.10977815674179,0.00187227905372489,0.03692903939905,"gene-LOC115497766|LOC115497766"
1424.78024195381,1.24433524214465,0.366620559374749,3.39406836394225,0.000688624997825721,0.0188308169500533,"gene-DTNA|DTNA"
7827.93263533681,0.21687073266059,0.0816169603410428,2.6571772797514,0.00787979940702594,0.0920810844992459,"gene-LOC100225763|LOC100225763"
1491.50499639864,0.276307699306246,0.104198750682106,2.65173716093025,0.00800788525384394,0.0930033212175137,"gene-RABGAP1|RABGAP1"
3204.48776486324,0.38832529987687,0.114133338625623,3.40238272666887,0.000668010175492419,0.018386846534423,"gene-EIF3M|EIF3M"
677.547059883387,0.715072348974056,0.208240009345129,3.43388550174776,0.000594995469536541,0.0168615476413792,"gene-DYNC2H1|DYNC2H1"
2259.62299412625,0.35908047984847,0.106168588819079,3.38217248474852,0.000719149745808256,0.0194402517256423,"gene-CCDC43|CCDC43"
655.617869512852,0.981350319994305,0.329138241582216,2.98157490079794,0.00286769887961806,0.0493672653538802,"gene-LOC140682087|LOC140682087"
78.833063497479,1.07052646119446,0.367267719073967,2.91483951786915,0.00355871487104151,0.056628845576731,"gene-LOC105759204|LOC105759204"
1388.68077961337,1.7077651550929,0.28301671089895,6.03414953720756,1.5980203506393e-09,1.09922008937384e-06,"gene-IGFBP2|IGFBP2"
184.164710734723,0.779972113747526,0.29157623291592,2.67501951701407,0.00747248998997128,0.0891807500143812,"gene-PIK3C2G|PIK3C2G"
7022.13737109887,0.7595267005992,0.18359078294408,4.1370633559014,3.51779003667977e-05,0.0024972106820598,"gene-PLA1A|PLA1A"
187.007993087553,0.57791865235762,0.172725996796737,3.3458695452643,0.000820249769227811,0.0211102716968103,"gene-PSRC1|PSRC1"
256.973222022638,1.06134507647703,0.249060356679271,4.2613970791176,2.03152908078394e-05,0.00162662061267214,"gene-LOC100228717|LOC100228717"
2405.07057298184,0.536585511333759,0.148887914368363,3.60395612773644,0.000313409981962988,0.010539629460102,"gene-PPIL2|PPIL2"
1510.50479738816,0.471134093494063,0.148998454677636,3.16200657592979,0.00156686025985426,0.0329781589880036,"gene-CDK5RAP3|CDK5RAP3"
616.788868520002,0.462714464443895,0.149066976429328,3.10407090508921,0.00190877580446074,0.0371391572206465,"gene-RYBP|RYBP"
627.580684389565,0.406068351153902,0.130544647035193,3.11057067735938,0.00186726203968784,0.03692903939905,"gene-TMEM39B|TMEM39B"
166.441928237148,1.16756898077153,0.355787086151383,3.28165081369688,0.00103201319375957,0.0249480122382804,"gene-NBL1|NBL1"
72.4918415871419,2.24870878109917,0.548386666622058,4.10058981731033,4.12098449037657e-05,0.00281212175009258,"gene-ADGRV1|ADGRV1"
224.079335723172,0.869184529200256,0.306375949568595,2.83698681448118,0.00455414927075954,0.0661098003743287,"gene-LOC100221985|LOC100221985"
1223.22359246415,0.820225890959747,0.192279719536465,4.26579512876914,1.99191505389236e-05,0.00162662061267214,"gene-PBX3|PBX3"
222.857149476198,0.629066913190239,0.187928358863212,3.34737618630577,0.00081580421171716,0.0210316271480678,"gene-LOC100231535|LOC100231535"
2814.53045386919,0.365366259468305,0.138345044237687,2.64097829800524,0.00826670144850206,0.094916534916678,"gene-WIPI1|WIPI1"
1378.19780578672,0.296586740263468,0.107083052933854,2.76968887361356,0.00561098618341971,0.0748807810280031,"gene-NAGPA|NAGPA"
2056.7152739992,0.802127936530594,0.166957670238443,4.80437907036571,1.55232487869637e-06,0.000249907791375662,"gene-JMY|JMY"
1872.23982475012,0.71888672697267,0.226433951529066,3.17481862643903,0.0014993018391941,0.0317772195133395,"gene-PFKFB2|PFKFB2"
307.077779958032,0.99635877173721,0.302292291627487,3.29601117637831,0.000980681137559715,0.0240139929687559,"gene-LOC105758793|LOC105758793"
22.3429571052144,1.33306760540162,0.478865063186567,2.78380635357033,0.00537250993030265,0.0731792914268857,"gene-LOC140680580|LOC140680580"
8498.49961028555,1.32866413596495,0.338459834840717,3.92561834283891,8.65072259306437e-05,0.00456137229968095,"gene-HSPH1|HSPH1"
3041.29157843959,1.07995369803784,0.241732506527427,4.46755677815844,7.91180161287828e-06,0.000843164040899204,"gene-MAP1LC3A|MAP1LC3A"
9030.85585461884,0.657936134239204,0.197223653408889,3.33598999342719,0.000849962230851505,0.0216176108226485,"gene-AKAP9|AKAP9"
5195.50788543734,0.583277938053358,0.170557770333432,3.41982623783763,0.000626611470779905,0.0175602062728006,"gene-SLF1|SLF1"
1607.47848843835,0.592166816369079,0.164454535422639,3.6007934645721,0.000317247520972521,0.0106313697324818,"gene-NR1D2|NR1D2"
2219.41683122144,0.333331213419903,0.111261137301931,2.99593570138814,0.00273604119197965,0.0481447806491024,"gene-LEPROTL1|LEPROTL1"
5297.6381656992,0.310430927663067,0.108935026145723,2.84968883422124,0.0043762019464489,0.0646823368208828,"gene-LOC100223646|LOC100223646"
1221.25276414802,1.27502908746277,0.436935951399434,2.9181143904022,0.00352155136291188,0.0562447793410883,"gene-LOC140685075|LOC140685075"
415.560061944271,1.13213911649488,0.332676001100936,3.40312830726669,0.000666189878666337,0.018386846534423,"gene-EFNA1|EFNA1"
5361.72096549839,1.02504398123422,0.212142854822482,4.83185720344888,1.35265262601381e-06,0.000224941672411726,"gene-EPSTI1|EPSTI1"
7111.88183202593,0.47429785082702,0.140031951096859,3.38706878760086,0.000706436729871845,0.0191586147547502,"gene-MAP7|MAP7"
50.4599959919114,1.11872862823958,0.408599990394135,2.7379555911405,0.00618224235015252,0.0793816717187196,"gene-SMCO3|SMCO3"
1306.12648199674,0.385564373268159,0.116464073887116,3.31058634993201,0.000931007222953604,0.0230571923854797,"gene-FUCA2|FUCA2"
4675.17765902422,0.430207145817967,0.118558653851741,3.62864398204072,0.000284913832692051,0.00991969207925898,"gene-RANBP9|RANBP9"
5156.19200986945,0.439944690443672,0.151422845792782,2.90540498126501,0.00366778193246908,0.0576970311684558,"gene-FOXA1|FOXA1"
12113.6443780926,0.487538012066388,0.149997018274102,3.25031802415878,0.0011527601789245,0.0267968045893463,"gene-SMARCA2|SMARCA2"
252.121426701103,1.57192754562214,0.405014946983144,3.88115934320706,0.000103959696194363,0.00531046338528425,"gene-LOC115497175|LOC115497175"
737.48324182662,1.19237561229132,0.197280779133247,6.04405364541859,1.50289504016197e-09,1.08301479251291e-06,"gene-LOC115498543|LOC115498543"
804.407793128831,0.770250359787786,0.118695916848848,6.48927427527818,8.62508236457188e-11,1.18657610384606e-07,"gene-GJA10|GJA10"
713.510016199473,0.691847163838345,0.201567379518367,3.43233694604489,0.000598403591372061,0.0169264328004363,"gene-CCDC14|CCDC14"
1672.45172559596,0.45963312513841,0.141705124804153,3.24358858420722,0.00118034100919474,0.0273958596505277,"gene-CEP44|CEP44"
2477.53191854165,0.769000608958493,0.24747178719624,3.10742738665677,0.00188723341969373,0.0369941753111725,"gene-SSBP2|SSBP2"
13638.8846218429,0.831191517773597,0.221621426763075,3.75050160949548,0.000176481172213244,0.00723764113578053,"gene-EDARADD|EDARADD"
54.8490260736969,1.38737611254522,0.41164107869414,3.37035389409247,0.000750717042085533,0.0200196091682775,"gene-LOC115493891|LOC115493891"
1744.93867305904,0.403739660154371,0.126172792596136,3.19989477800253,0.00137477767735231,0.0300209388042894,"gene-INTS7|INTS7"
6567.16349610316,2.26182883670274,0.466395123724621,4.84959795171062,1.23711967511837e-06,0.000215187724638692,"gene-LPL|LPL"
2994.52524070588,0.444934546087007,0.162376302538585,2.74014458471414,0.00614121621053263,0.0789592395191082,"gene-CGNL1|CGNL1"
66.0744237423239,1.99758564972172,0.686289717253686,2.91070316150944,0.00360616437718648,0.0571395742848228,"gene-SYT12|SYT12"
1008.18155988521,0.383466191830916,0.122247470906911,3.13680265927888,0.00170801047136083,0.0347877825882953,"gene-ERCC8|ERCC8"
112.27093852374,2.15082320265008,0.504102840175654,4.26663575611007,1.98442758591458e-05,0.00162662061267214,"gene-LOC100221884|LOC100221884"
10737.1753507172,0.598961905612209,0.156706493253577,3.82218945224553,0.000132272003059105,0.00624357126368042,"gene-TNS1|TNS1"
5892.68690669316,0.852401666962177,0.215120028012839,3.96244680161208,7.41855407410402e-05,0.00420468085406053,"gene-TM4SF4|TM4SF4"
8283.77457790198,0.527016496335469,0.19885945590469,2.65019580757607,0.00804451328055937,0.0933570701493137,"gene-SEMA4G|SEMA4G"
1332.98202455668,0.427320526790319,0.138464883045643,3.08612925812719,0.00202780649885156,0.0384453794842941,"gene-NTPCR|NTPCR"
550.225602700875,0.551824812105313,0.137626383580701,4.0095859365638,6.08253137347255e-05,0.0036818778909904,"gene-LOC115495688|LOC115495688"
699.173378036977,0.717581396701021,0.259917229188475,2.76080734986859,0.00576586768942083,0.0760059893240466,"gene-THSD7A|THSD7A"
1532.85558193618,0.388751301858173,0.125979558147558,3.08582842783774,0.00202985912958111,0.0384453794842941,"gene-WDR37|WDR37"
665.856652949641,0.380136641440664,0.133413538050358,2.84931084952698,0.00438140495860546,0.0646823368208828,"gene-TADA2B|TADA2B"
1718.78892660864,0.337745427412651,0.125954466819173,2.68148828653719,0.00732954803814187,0.0878906897473859,"gene-PPIP5K1|PPIP5K1"
