"ID","Description","setSize","enrichmentScore","NES","pvalue","p.adjust","qvalue","rank","leading_edge","core_enrichment","log2err"
"HALLMARK_OXIDATIVE_PHOSPHORYLATION","HALLMARK_OXIDATIVE_PHOSPHORYLATION",192,-0.617516020564865,-2.28418979384955,1e-10,5e-09,1.08493141426757e-09,2539,"tags=47%, list=20%, signal=38%","SLC25A20/ETFDH/UQCRQ/COX4I1/ATP6V0C/LRPPRC/GOT2/MFN2/COX6B1/NDUFS2/SDHD/UQCRC1/MRPS15/SDHB/ATP6V1D/SUCLG1/NDUFS3/COX7B/NDUFS1/ATP5PB/CYC1/IDH2/ATP6V1E1/ABCB7/NDUFS8/GPX4/NDUFA9/NDUFC1/NDUFB3/ETFA/NDUFB8/NDUFA2/VDAC1/ATP6V1F/NDUFB7/SLC25A5/SLC25A11/ATP5PF/ACAA1/UQCRFS1/NDUFA5/NDUFA8/COX7C/ATP5PO/NDUFC2/ATP5MC3/NDUFB5/NDUFS7/COX7A2L/COX5A/ATP5F1C/ATP6V0E1/COX7A2/NDUFB4/NDUFV2/IDH3B/ATP1B1/PDHA1/UQCRB/MDH1/MDH2/NDUFA6/MRPL15/DECR1/CPT1A/GPI/TCIRG1/DLST/OGDH/MTX2/ATP5PD/AIFM1/ATP5F1B/ATP5MC1/IDH1/FDX1/IMMT/TIMM17A/HCCS/VDAC2/DLAT/ACO2/SLC25A3/CYCS/IDH3A/RHOT1/SLC25A4/MPC1/CS/VDAC3",NA
"HALLMARK_PEROXISOME","HALLMARK_PEROXISOME",86,-0.601785356299887,-1.96814260755665,6.15649666852994e-06,5.98485545063034e-05,1.29863153764787e-05,2023,"tags=35%, list=16%, signal=29%","IDH2/ESR2/ACSL1/ACSL5/IDI1/SMARCC1/PEX14/ACAA1/CNBP/SOD2/CRAT/DHCR24/SLC35B2/EHHADH/ACOX1/PEX11A/PEX13/HRAS/ABCD2/ABCB9/PRDX1/IDH1/YWHAH/DIO1/CTPS1/ACOT8/FADS1/SLC25A4/SLC25A19/ELOVL5",0.610526878385931
"HALLMARK_FATTY_ACID_METABOLISM","HALLMARK_FATTY_ACID_METABOLISM",123,-0.555463950857325,-1.90959232042702,9.79512662551287e-07,2.40656413289038e-05,5.22191405644476e-06,1828,"tags=34%, list=14%, signal=29%","ACSL1/ACSL5/KMT5A/IDI1/METAP1/GSTZ1/SUCLG2/ACAA1/SMS/ADIPOR2/GPD1/S100A10/IDH3B/PDHA1/CRAT/MDH1/HSD17B7/DHCR24/MDH2/NTHL1/FASN/EHHADH/ACOX1/DECR1/CPT1A/DLST/ACAT2/HPGD/MGLL/IDH1/FMO1/HCCS/YWHAH/ACO2/GPD2/ALAD/H2AZ1/ACOT8/G0S2/ME1/TP53INP2/ELOVL5",0.643551836150722
"HALLMARK_MYC_TARGETS_V1","HALLMARK_MYC_TARGETS_V1",188,-0.502400542360582,-1.85157428589336,1.92525130631231e-06,2.40656413289038e-05,5.22191405644476e-06,2561,"tags=32%, list=20%, signal=26%","POLD2/COPS5/MRPS18B/PTGES3/SSBP1/GOT2/RSL1D1/RUVBL2/SNRPD2/EIF4H/CYC1/MCM5/SF3B3/SNRPD1/CAD/ILF2/SMARCC1/VDAC1/HDAC2/PSMD1/UBE2L3/CNBP/ERH/PSMD7/HNRNPA3/COX5A/PSMD8/SRM/PPIA/EIF1AX/EIF4E/EIF4G2/PSMD14/NOP56/RAN/FBL/IARS1/EIF2S1/KPNB1/FAM120A/MRPL23/EIF3J/YWHAE/MCM7/CCT2/YWHAQ/PSMA4/G3BP1/CTPS1/PPM1G/EPRS1/SNRPA/SLC25A3/H2AZ1/PA2G4/ABCE1/SERBP1/PGK1/EIF2S2/VDAC3",0.627256739718528
"HALLMARK_MTORC1_SIGNALING","HALLMARK_MTORC1_SIGNALING",178,-0.50672868234965,-1.83661331301235,1.75151379938065e-06,2.40656413289038e-05,5.22191405644476e-06,1321,"tags=28%, list=10%, signal=25%","CD9/PSAT1/PSMD13/GOT1/DHCR7/CYP51A1/ACTR3/ABCF2/LDLR/UCHL5/ADIPOR2/PPIA/PNO1/ENO1/PSMD14/NFYC/DHCR24/EGLN3/PFKL/ACLY/SLC2A1/GPI/NHERF1/PITPNB/PPA1/IFI30/PRDX1/ATP5MC1/PSME3/IDH1/UNG/PSMA4/IMMT/CCNG1/CYB5B/TMEM97/EPRS1/BCAT1/TFRC/PGK1/SCD/EIF2S2/FADS1/GCLC/ME1/STARD4/INSIG1/PIK3R3/ELOVL5",0.643551836150722
"HALLMARK_ADIPOGENESIS","HALLMARK_ADIPOGENESIS",173,-0.493083226353598,-1.78350963837559,7.1818265407564e-06,5.98485545063034e-05,1.29863153764787e-05,3125,"tags=49%, list=25%, signal=37%","UQCR10/DGAT1/MTCH2/PEMT/CIDEA/NMT1/ACADS/DLD/ALDOA/NDUFAB1/SAMM50/SDHC/PTCD3/DRAM2/NKIRAS1/SOD1/ELOVL6/SLC19A1/UQCRQ/UCK1/YWHAG/MYLK/COQ5/HADH/STOM/UQCRC1/AGPAT3/AK2/SDHB/SUCLG1/NDUFS3/COX7B/ANGPT1/CYC1/CMPK1/CHUK/GPX4/PGM1/GPAM/HSPB8/PREB/PEX14/NDUFB7/RTN3/NDUFA5/ATP5PO/SCARB1/DHCR7/SLC5A6/ADIPOR2/BAZ2A/TALDO1/CRAT/RNF11/PFKFB3/SSPN/MDH2/SLC25A1/PFKL/ACLY/ACOX1/MRPL15/DECR1/AIFM1/FZD4/MGLL/ENPP2/CAVIN1/IDH1/IMMT/LPCAT3/RAB34/DLAT/SQOR/ACO2/TKT/GPD2/GADD45A/ITSN1/SLC25A10/IDH3A/CAVIN2/ME1/PLIN2/CS",0.610526878385931
"HALLMARK_KRAS_SIGNALING_DN","HALLMARK_KRAS_SIGNALING_DN",78,0.47929068902452,1.60289843435357,0.00342015646325972,0.0190008692403318,0.00412292798744528,1226,"tags=18%, list=10%, signal=16%","IGFBP2/IRS4/ZBTB16/YPEL1/SERPINA10/FGFR3/C5/ABCB11/PLAG1/RSAD2/TSHB/SLC29A3/CPB1/CHST2",0.431707695803346
"HALLMARK_REACTIVE_OXYGEN_SPECIES_PATHWAY","HALLMARK_REACTIVE_OXYGEN_SPECIES_PATHWAY",39,-0.551770156546904,-1.58711434738741,0.0150174285148839,0.0536336732674426,0.0116377713980823,2296,"tags=44%, list=18%, signal=36%","NDUFS2/G6PD/TXNRD1/LAMTOR5/ATOX1/GPX4/FES/GCLM/SOD2/NDUFB4/STK25/PRNP/NDUFA6/PRDX1/GLRX2/PTPA/GCLC",0.380730400722792
"HALLMARK_APICAL_JUNCTION","HALLMARK_APICAL_JUNCTION",134,-0.451542849955751,-1.58395942125347,0.00127554683830825,0.00911104884505895,0.00197697262178615,1841,"tags=28%, list=15%, signal=24%","PTEN/TGFBI/GNAI2/SGCE/CTNND1/SDC3/MPZL1/PFN1/PPP2R2C/INPPL1/ADAM15/SYMPK/CRAT/RAC2/FLNC/SORBS3/MYH10/RHOF/ACTN4/ARPC2/SRC/CTNNA1/CDH4/ACTB/HRAS/ADRA1B/LAMB3/ACTN1/NEGR1/YWHAH/MVD/AMIGO2/DLG1/INSIG1/ACTG1/PIK3R3/SHC1",0.45505986738723
"HALLMARK_CHOLESTEROL_HOMEOSTASIS","HALLMARK_CHOLESTEROL_HOMEOSTASIS",60,-0.508177383169227,-1.56805527425182,0.00483540574886031,0.0220045142089658,0.00477467774420084,1686,"tags=38%, list=13%, signal=33%","IDI1/FDFT1/TP53INP1/CD9/DHCR7/CYP51A1/LDLR/PDK3/PCYT2/HSD17B7/GUSB/FASN/ETHE1/ACSS2/STX5/ACAT2/LSS/TMEM97/MVD/SCD/ALDOC/STARD4/ACTG1",0.407017918923954
"HALLMARK_TNFA_SIGNALING_VIA_NFKB","HALLMARK_TNFA_SIGNALING_VIA_NFKB",136,0.418586634566115,1.52321738498644,0.00305479398515683,0.0190008692403318,0.00412292798744528,1332,"tags=22%, list=11%, signal=20%","F2RL1/IL6ST/NFIL3/TANK/FOSL2/IRF1/TGIF1/SLC16A6/EFNA1/KLF4/CEBPD/SQSTM1/ZBTB10/PLAU/IRS2/HES1/MYC/IL7R/RCAN1/DRAM1/PNRC1/TNFRSF9/RIGI/TRAF1/ID2/VEGFA/CFLAR/PANX1/ETS2/MXD1",0.431707695803346
"HALLMARK_E2F_TARGETS","HALLMARK_E2F_TARGETS",170,-0.406111446178441,-1.483495155689,0.00484099312597248,0.0220045142089658,0.00477467774420084,2823,"tags=29%, list=22%, signal=23%","TP53/SHMT1/PPP1R8/CCNE1/SYNCRIP/POLD2/NUDT21/ANP32E/DLGAP5/MLH1/AK2/EZH2/DNMT1/MCM5/POLE/PRPS1/RPA3/TBRG4/GINS3/BRMS1L/RBBP7/BUB1B/NCAPD2/ILF3/ASF1A/SPC25/SPAG5/NOP56/SNRPB/TK1/CCNB2/LYAR/RAN/CTCF/PAN2/EIF2S1/NAA38/GINS4/PPM1D/JPT1/MCM7/UNG/LMNB1/CTPS1/H2AZ1/TFRC/PA2G4/WEE1/TUBB",0.407017918923954
"HALLMARK_UNFOLDED_PROTEIN_RESPONSE","HALLMARK_UNFOLDED_PROTEIN_RESPONSE",105,0.422244009122633,1.47363673944636,0.00762923735245414,0.0317884889685589,0.00689766605881755,759,"tags=15%, list=6%, signal=14%","EIF2AK3/ATF6/HSPA5/HERPUD1/XBP1/DNAJB9/HSP90B1/DNAJC3/IGFBP1/WIPI1/SPCS3/EXOSC9/NFYB/NABP1/CALR/BAG3",0.407017918923954
"HALLMARK_MYOGENESIS","HALLMARK_MYOGENESIS",128,-0.409691958145022,-1.44394200558911,0.0141373890464084,0.0536336732674426,0.0116377713980823,1909,"tags=29%, list=15%, signal=25%","SCHIP1/TNNC1/SPTAN1/ACSL1/CACNA1H/MYBPC3/FHL1/TPM2/EIF4A2/HSPB8/APP/SMTN/TPM3/GJA5/COL1A1/PDLIM7/APLNR/COL6A2/RB1/PDE4DIP/CRAT/SORBS3/SSPN/SPARC/PRNP/SGCG/COL6A3/CKB/MYO1C/PTP4A3/MRAS/LPIN1/ITGB5/TSC2/SPHK1/SCD/AK1",0.380730400722792
"HALLMARK_PI3K_AKT_MTOR_SIGNALING","HALLMARK_PI3K_AKT_MTOR_SIGNALING",85,-0.435799656611957,-1.43881629087834,0.0214100193784583,0.0713667312615275,0.0154856017358446,2935,"tags=44%, list=23%, signal=34%","PTPN11/ITPR2/YWHAB/SLA/ARPC3/PPP1CA/PLCG1/MAP3K7/MAP2K3/MAPKAP1/NOD1/ACTR2/CLTC/PTEN/ARHGDIA/GRB2/AKT1/PFN1/CAB39/AP2M1/PIN1/ACTR3/DUSP3/EIF4E/ATF1/RPTOR/CSNK2B/RALB/PRKAR2A/SLC2A1/RPS6KA3/UBE2N/HRAS/MKNK1/ARF1/TSC2/PIK3R3",0.352487857583619
"HALLMARK_HYPOXIA","HALLMARK_HYPOXIA",142,0.360321096573277,1.33318662632279,0.0341959259681473,0.100576252847492,0.0218236672487125,1338,"tags=20%, list=11%, signal=18%","GPC4/NFIL3/HSPA5/FOSL2/WSB1/PPP1R3C/BNIP3L/DTNA/EFNA1/VLDLR/IGFBP1/HMOX1/P4HA2/CP/KLHL24/IRS2/SLC6A6/JMJD6/CDKN1C/EGFR/CITED2/PNRC1/NDRG1/VEGFA/CHST2/PDGFB/FOXO3/B3GALT6",0.321775918075361
"HALLMARK_MITOTIC_SPINDLE","HALLMARK_MITOTIC_SPINDLE",176,-0.367021028849488,-1.33207112882939,0.028420853848002,0.0888151682750062,0.019271673225003,2421,"tags=24%, list=19%, signal=20%","DLGAP5/SUN2/LRPPRC/KNTC1/KLC1/EZR/FLNA/CDC42/ARHGAP27/AKAP13/RASAL2/ARHGEF7/SPTAN1/KIF11/ARHGDIA/CDC42EP4/TBCD/NIN/MAP1S/ARF6/ARAP3/MYH10/NUMA1/SOS1/CCNB2/PREX1/CD2AP/RHOF/ACTN4/NEDD9/NET1/DYNLL2/RALBP1/SORBS2/YWHAE/LMNB1/ABR/CAPZB/SYNPO/ITSN1/CDC27/CYTH2/DLG1",0.352487857583619
"HALLMARK_IL2_STAT5_SIGNALING","HALLMARK_IL2_STAT5_SIGNALING",148,0.350758122442058,1.29201974964957,0.0380834863781267,0.105787462161463,0.0229544281869227,1485,"tags=19%, list=12%, signal=17%","NFIL3/LRIG1/XBP1/TNFSF10/UCK2/IL1R2/MYO1E/PTCH1/CD81/NFKBIZ/IGF1R/CDKN1C/CD86/GABARAPL1/GUCY1B1/MYC/IL1RL1/CDC42SE2/TNFRSF9/ARL4A/TRAF1/AHR/NDRG1/PDCD2L/MXD1/SNX14/EEF1AKMT1/PTH1R",0.321775918075361
